text,label_id,category
PCR,6,kesehatan
Tisu,3,belanja
Rese Dokter,6,kesehatan
cabut gigi,6,kesehatan
TTEOKBOKKI,0,makanan
Angkot,2,transportasi
Netflix,4,tagihan
Spotify,4,tagihan
Isi Pulsa,4,tagihan
gulai,0,makanan
FOLDER,3,belanja
2xDetergen,3,belanja
FLASHDISK,3,belanja
Tokopedia,3,belanja
PRINT,7,lain_lain
Stabilo,3,belanja
Crostini,0,makanan
Power Bank,3,belanja
Puskesmas,6,kesehatan
Metromini,2,transportasi
ChocolateCake,0,makanan
1 Komik,5,hiburan
1xIkan Bakar,0,makanan
Kuota Internet,4,tagihan
RED VELVET,0,makanan
Lensa Kontak,6,kesehatan
Biaya Kos,4,tagihan
HAZELNUT LATTE,1,minuman
Nasi Liwet,0,makanan
rumah sakit,6,kesehatan
tokopedia,3,belanja
Data Internet,4,tagihan
Scan,7,lain_lain
Transjakarta,2,transportasi
lab kesehatan,6,kesehatan
@ Softlens,6,kesehatan
Takoyaki,0,makanan
karaoke,5,hiburan
MIKROLET,2,transportasi
Topi,3,belanja
_Mie Ayam.,0,makanan
Americano,1,minuman
Obat Flu,6,kesehatan
Billiard,5,hiburan
SHOPEE,3,belanja
3xBiaya Transfer,7,lain_lain
Waffle,0,makanan
Vanilla Latt,1,minuman
Taksi Online,2,transportasi
Potong Rambut,7,lain_lain
*First Media_,4,tagihan
Rumah Sakit,6,kesehatan
Flashdisk,3,belanja
Es Kelapa Muda,1,minuman
gulai,0,makanan
Calpico,1,minuman
Karaoke,5,hiburan
Asuransi,4,tagihan
KLINIK,6,kesehatan
JNE,7,lain_lain
Biaya Periksa,6,kesehatan
Matcha Latte,1,minuman
-OjekOnline_,2,transportasi
Kacamata,6,kesehatan
dimsum,0,makanan
.Es Kopi Susu-,1,minuman
#PLN*,4,tagihan
Ramune,1,minuman
Aqua,1,minuman
Brownie,0,makanan
UC PUBG,5,hiburan
#Infaq-,7,lain_lain
Kacamata,6,kesehatan
Top Up PUBG,5,hiburan
Komik,5,hiburan
Pulsa,4,tagihan
Steam,5,hiburan
POTONG RAMBUT,7,lain_lain
Tisu,3,belanja
Damri,2,transportasi
Adobe,4,tagihan
BPJS Kesehatan,4,tagihan
@ Cat Akrilik,5,hiburan
.Mouse-,3,belanja
Cuci Baju,7,lain_lain
paracetamol,6,kesehatan
MaximCar,2,transportasi
MRT,2,transportasi
Metromini,2,transportasi
*Power Bank*,3,belanja
Print,7,lain_lain
Cuci Baju,7,lain_lain
ojek,2,transportasi
Lcyehe Drink,1,minuman
3xPretzel,0,makanan
Suplemen,6,kesehatan
mrt,2,transportasi
Futsal,5,hiburan
Es Buah,1,minuman
Kabel Data,3,belanja
-Top Up Mobile Legends-,5,hiburan
Pensil,3,belanja
CANVA PRO,4,tagihan
Netflix,4,tagihan
Softlens,6,kesehatan
.BPJS Kesehatan.,4,tagihan
1xTambal Gigi,6,kesehatan
Jus Mangga,1,minuman
Jus Jeruk,1,minuman
JNE,7,lain_lain
brown sugar latte,1,minuman
KAOS,3,belanja
@ Iced Latte,1,minuman
.Gnocchi-,0,makanan
Garlic Bread,0,makanan
@ Shopee,3,belanja
BAYAR LISTRIK,4,tagihan
pulsa,4,tagihan
Bayar Listrik,4,tagihan
Dotke rGimi,6,kesehatan
1xTisu,3,belanja
KRL,2,transportasi
XXI,5,hiburan
Billiard,5,hiburan
_Bayar Kos.,4,tagihan
Top Up Genshin,5,hiburan
Kemeja,3,belanja
Vitamin D,6,kesehatan
Wahana,5,hiburan
Busway,2,transportasi
Ibuprofen,6,kesehatan
Pulsa,4,tagihan
7dobe,4,tagihan
Taman Bermain,5,hiburan
TEH HIJAU,1,minuman
Transjakarta,2,transportasi
Canva Pro,4,tagihan
Lab Kesehatan,6,kesehatan
Bioskop,5,hiburan
Cek Darah,6,kesehatan
PLN,4,tagihan
Belanja Online,3,belanja
Es Cendol,1,minuman
Roti Bakar,0,makanan
Multivitamin,6,kesehatan
Ikan Bakar,0,makanan
Bayar Kos,4,tagihan
2xToken Listrik,4,tagihan
matcha latte,1,minuman
Mouse,3,belanja
Mango Drink,1,minuman
JNE,7,lain_lain
NUGGET,0,makanan
Buku Kuliah,3,belanja
Suplemen,6,kesehatan
Dokter Gigi,6,kesehatan
setrika,7,lain_lain
TIKET BUS,2,transportasi
Hoodie,3,belanja
#Es Matcha*,1,minuman
Suplemen,6,kesehatan
Kopi Tubru,1,minuman
Bioskop,5,hiburan
Rawon,0,makanan
Pasta,0,makanan
Jus Alpukat,1,minuman
Japchae,0,makanan
Anteraja,7,lain_lain
Tomato Soup,0,makanan
Tike Wisata,5,hiburan
Ikat Pinggang,3,belanja
Fries,0,makanan
Modul,3,belanja
Bakso,0,makanan
Lavender Latte,1,minuman
#BLT.,0,makanan
Hojicha,1,minuman
Nas Goreng Kampung,0,makanan
OjekOnline,2,transportasi
Ayam Kreme,0,makanan
Dokter,6,kesehatan
Nas iPadadg,0,makanan
@ Gelang,3,belanja
kuota internet,4,tagihan
Vanilla Latte,1,minuman
Metromini,2,transportasi
Bowling,5,hiburan
Mikrolet,2,transportasi
Sepytu,3,belanja
Boba,1,minuman
@ Nachos,0,makanan
Ongkos Kirim,7,lain_lain
Guardian,6,kesehatan
YOUTUBE PREMIUM,4,tagihan
Paket Nasi Ayam,0,makanan
Jilid,7,lain_lain
Taro Latte,1,minuman
Gnocchi,0,makanan
Cardigna,3,belanja
YouTube Premium,4,tagihan
-Parkir Motor_,2,transportasi
Wahana,5,hiburan
Cek Darah,6,kesehatan
Sampo,3,belanja
CGV,5,hiburan
@ngks&iKri,7,lain_lain
Macchiato,1,minuman
1 Tenis,5,hiburan
Kopi Cappuccino,1,minuman
_Charger*,3,belanja
Sweater,3,belanja
ikat pinggang,3,belanja
Bowling,5,hiburan
Flashdisk,3,belanja
voucher game,5,hiburan
Adobe,4,tagihan
Earphone,3,belanja
Internet Bulanan,4,tagihan
Vitamin D,6,kesehatan
Obat Sakit Kepal,6,kesehatan
Buku Novel,5,hiburan
1 Shopee,3,belanja
Tenis,5,hiburan
Materai,7,lain_lain
Gojek,2,transportasi
1 Billiard,5,hiburan
Kolam !eanng,5,hiburan
sandwich,0,makanan
Obat Batfk,6,kesehatan
*Hansaplast#,6,kesehatan
.Air PAM-,4,tagihan
Cabut Gigi,6,kesehatan
MximBiw,2,transportasi
Resep Dokter,6,kesehatan
Ramyeon,0,makanan
Microsoft 365,4,tagihan
Dokter Gigi,6,kesehatan
Internet Bulanan,4,tagihan
Jajan,7,lain_lain
_Hazelnut Latte-,1,minuman
pameran,5,hiburan
Pensil,3,belanja
Gelato,0,makanan
*Taman Bermain-,5,hiburan
OjekOnline,2,transportasi
Sikat Gigi,3,belanja
Obat Flu,6,kesehatan
Cek Darah,6,kesehatan
Obat Sakit Kepala,6,kesehatan
#Topi_,3,belanja
-Smoothie.,1,minuman
Kopi Espresso,1,minuman
Jilid,7,lain_lain
_Transjakarta_,2,transportasi
Tokopedia,3,belanja
Ongkos Kirim,7,lain_lain
FRAPPE,1,minuman
Maker,6,kesehatan
Tagihan HP,4,tagihan
Nasi Goreng Spesial,0,makanan
Shopee,3,belanja
canva pro,4,tagihan
AIR MINERAL,1,minuman
Komik,5,hiburan
Mikrolet,2,transportasi
MRT,2,transportasi
Grab,2,transportasi
Steam,5,hiburan
Kopi Americano,1,minuman
1 BBM,2,transportasi
1xGym,5,hiburan
Patungan,7,lain_lain
Suplemen,6,kesehatan
apotek,6,kesehatan
Blazer,3,belanja
.Angkot.,2,transportasi
Sandal,3,belanja
PLN,4,tagihan
ISI PULSA,4,tagihan
Sate Kambing,0,makanan
GoCar,2,transportasi
Doktpr,6,kesehatan
Legalisir,7,lain_lain
LRT,2,transportasi
MaximBiek,2,transportasi
Dokter Gigi,6,kesehatan
Tagihan Telepon,4,tagihan
scan,7,lain_lain
Bruschetta,0,makanan
Nugget,0,makanan
Festival,5,hiburan
Iced Latte,1,minuman
Iura Kelas,7,lain_lain
#Hansaplast-,6,kesehatan
Tiket Kereta,2,transportasi
Hoodie,3,belanja
Profiterole,0,makanan
Jajan,7,lain_lain
Dokter,6,kesehatan
@ Matcha,1,minuman
Hojiha,1,minuman
UC PUBG,5,hiburan
1 Parkir Motor,2,transportasi
xxi,5,hiburan
Es Kelapa Muda,1,minuman
Iuran eKas,7,lain_lain
MOUSE,3,belanja
Taman Bermain,5,hiburan
jilid,7,lain_lain
MAP PLASTIK,3,belanja
Ice Cream,0,makanan
Retribusi Parkir,2,transportasi
2 Paracetamol,6,kesehatan
NASI BAKAR,0,makanan
Spotify,4,tagihan
Betadine,6,kesehatan
Sandal,3,belanja
.Donasi#,7,lain_lain
SOFTENER,3,belanja
ATM,7,lain_lain
IKAT PINGGANG,3,belanja
Air PAM,4,tagihan
LRT,2,transportasi
Parkir,2,transportasi
kuota internet,4,tagihan
Sewa Kos,4,tagihan
Kolam Renang,5,hiburan
BBM,2,transportasi
Biaya Transfer,7,lain_lain
resep dokter,6,kesehatan
Billiard,5,hiburan
Ikat Pinggang,3,belanja
2 Vanilla Latte,1,minuman
Kacamata,6,kesehatan
Deodoran,3,belanja
Hazelnut Latte,1,minuman
formulir,7,lain_lain
club soda,1,minuman
GORIDE,2,transportasi
Bensin,2,transportasi
Tiket Masuk,5,hiburan
Disney Plus,4,tagihan
Wrap,0,makanan
_Biaya Periksa_,6,kesehatan
Mikrolet,2,transportasi
Detergen,3,belanja
Asuransi,4,tagihan
E-Toll,2,transportasi
Grab,2,transportasi
jnt,7,lain_lain
Kemeja,3,belanja
Data Internet,4,tagihan
Kabel Data,3,belanja
TENIS,5,hiburan
Billiard,5,hiburan
Sikat Gigi,3,belanja
iced latte,1,minuman
CGV,5,hiburan
stabilo,3,belanja
NETFLIX,4,tagihan
Kereta Api,2,transportasi
Parkir Motor,2,transportasi
Tagihan Listrik,4,tagihan
8aracetamol,6,kesehatan
Biaya Pendaftaran,7,lain_lain
Kebab,0,makanan
Hansaplast,6,kesehatan
Tiket Konser,5,hiburan
Legalisir,7,lain_lain
Top Up FF,5,hiburan
Cappuccino,1,minuman
Infaq,7,lain_lain
Pertamax,2,transportasi
Skincare,3,belanja
Tiket Konser,5,hiburan
IndiHome,4,tagihan
Cek Darah,6,kesehatan
Ojek,2,transportasi
Detergen,3,belanja
Klinik,6,kesehatan
cireng,0,makanan
formulir,7,lain_lain
Token Listrik,4,tagihan
First Media,4,tagihan
1 Nugget,0,makanan
buku tulis,3,belanja
Baju,3,belanja
.Voucher Game*,5,hiburan
Cat Akrilik,5,hiburan
Softener,3,belanja
Makan Siang,0,makanan
PASTA,0,makanan
Cuci Baju,7,lain_lain
Es Buah,1,minuman
Tagihan Air,4,tagihan
Antasida,6,kesehatan
3xRed Velvet,0,makanan
Top Up FF,5,hiburan
Powe Bank,3,belanja
Risotto,0,makanan
AIR PAM,4,tagihan
Diam#nd ML,5,hiburan
Obat Maag,6,kesehatan
Kaos,3,belanja
Nachos,0,makanan
Administrasi,4,tagihan
PERTALITE,2,transportasi
kopi hitam,1,minuman
Ayam Penyet,0,makanan
club soda,1,minuman
Tagihan WiFi,4,tagihan
JUS SEMANGKA,1,minuman
Mobil On1nxe,2,transportasi
Kaos,3,belanja
fitness,5,hiburan
Zakat,7,lain_lain
1xSpring Roll,0,makanan
TEH BOTOL,1,minuman
Sunscreen,3,belanja
Jaket,3,belanja
Bayar Kos,4,tagihan
Potong Rambut,7,lain_lain
Metromini,2,transportasi
GoCar,2,transportasi
Mie Ayam,0,makanan
fitness,5,hiburan
Kaos,3,belanja
Map Plastik,3,belanja
Nasi Bakar,0,makanan
Milk Tea,1,minuman
PDAM,4,tagihan
3xBiaya Pendaftaran,7,lain_lain
JNE,7,lain_lain
Sabun,3,belanja
Pertamax,2,transportasi
Tagihan Telepon,4,tagihan
Obat Diare,6,kesehatan
Greek Sala,0,makanan
1xXXI,5,hiburan
FLASHDISK,3,belanja
Buku Catatan,3,belanja
Diamond ML,5,hiburan
siomay,0,makanan
Caramel Macchiato,1,minuman
Baterai,3,belanja
ongkos kirim,7,lain_lain
nonton film,5,hiburan
PDAM,4,tagihan
#WiFi.,4,tagihan
Bus,2,transportasi
Biaya Periksa,6,kesehatan
Damri,2,transportasi
Taro Latte,1,minuman
#Biaya Kos.,4,tagihan
Canva Pro,4,tagihan
topi,3,belanja
GoSend,7,lain_lain
Tempe Goreng,0,makanan
LENSA KONTAK,6,kesehatan
Topi,3,belanja
Spaghetti,0,makanan
Ongkos Kirim,7,lain_lain
Foldre,3,belanja
1 MRT,2,transportasi
Retribusi Parkir,2,transportasi
Vitamin C,6,kesehatan
Tiket Masuk,5,hiburan
Buk Tulis,3,belanja
Obat Diare,6,kesehatan
Aqua,1,minuman
MRT,2,transportasi
Sikat Gigi,3,belanja
SAMPO,3,belanja
*Antasida.,6,kesehatan
Wahana,5,hiburan
#Kertas HVS-,3,belanja
Commuter Line,2,transportasi
Ongkos Kirim,7,lain_lain
Red Velvet,0,makanan
#Tiket Kereta#,2,transportasi
*Chicken Wing*,0,makanan
_Wahana.,5,hiburan
Pulsa,4,tagihan
Angkot,2,transportasi
vOat4ine,1,minuman
CANVA PRO,4,tagihan
#MaximBike.,2,transportasi
@ Vitamin C,6,kesehatan
Telur Ceplok,0,makanan
Air PAM,4,tagihan
Mie Goreng,0,makanan
JAJAN,7,lain_lain
Print,7,lain_lain
*Tenis*,5,hiburan
@ Asuransi,4,tagihan
Biaya Berobat,6,kesehatan
Tiket MT,2,transportasi
Sepatu,3,belanja
Transjakarta,2,transportasi
Nescafe,1,minuman
-Minyak Kayu Putih-,6,kesehatan
Trao Lat8e,1,minuman
BAYAR KOS,4,tagihan
*Donut*,0,makanan
top up pubg,5,hiburan
Top Up FF,5,hiburan
Belanja Online,3,belanja
Lemon Tea,1,minuman
UC PUBG,5,hiburan
Dompet,3,belanja
Tiket Kereta,2,transportasi
#Lampu.,3,belanja
GrabBike,2,transportasi
Vitamin D,6,kesehatan
CARDIGAN,3,belanja
Betadine,6,kesehatan
KopiL at,1,minuman
Folder,3,belanja
3xAnteraja,7,lain_lain
Suplemen,6,kesehatan
POTONG RAMBUT,7,lain_lain
arkir Mobil,2,transportasi
Penggaris,3,belanja
_Biaya Pendaftaran-,7,lain_lain
Salon,7,lain_lain
Aya Kremes,0,makanan
noodle,0,makanan
Sofltn7,6,kesehatan
-GrabCar_,2,transportasi
Buk Tulis,3,belanja
Fitness,5,hiburan
Badminton,5,hiburan
GoSend,7,lain_lain
Komik,5,hiburan
Internet Bulana,4,tagihan
Iuran Organisasi,7,lain_lain
Air PAM,4,tagihan
sandal,3,belanja
Es Bua,1,minuman
Bowling,5,hiburan
Iuran Organisasi,7,lain_lain
Tepe Goreng,0,makanan
pertalite,2,transportasi
Pertalite,2,transportasi
Formulir,7,lain_lain
_Sate Kambing-,0,makanan
Le Mineral,1,minuman
Cat Akrilik,5,hiburan
_Betadine-,6,kesehatan
Cardigan,3,belanja
Lemon Tea,1,minuman
Kopi Dalgona,1,minuman
UC PUBG,5,hiburan
Biay Berobat,6,kesehatan
Apple Music,4,tagihan
Textbook,3,belanja
Wrap,0,makanan
XXI,5,hiburan
Tart,0,makanan
Sewa Kos,4,tagihan
Dress,3,belanja
Sewa Kos,4,tagihan
Oolong Tea,1,minuman
vitamin d,6,kesehatan
2 ATM,7,lain_lain
DISNEY PLUS,4,tagihan
Gelang,3,belanja
E-Toll,2,transportasi
Biaya Transfer,7,lain_lain
GrabBike,2,transportasi
Matcha,1,minuman
Sdekah,7,lain_lain
UC PUBG,5,hiburan
Paracetamol,6,kesehatan
Pensil,3,belanja
MILK TEA,1,minuman
Map Plastik,3,belanja
Patungan,7,lain_lain
Dokter,6,kesehatan
Tiket Masuk,5,hiburan
Badminton,5,hiburan
2xInfaq,7,lain_lain
BBM,2,transportasi
Uang Kos,4,tagihan
japchae,0,makanan
.Pertamax_,2,transportasi
.Teh Manis_,1,minuman
Maxim,2,transportasi
Burger,0,makanan
First Media,4,tagihan
Nasi Bakar,0,makanan
BBM,2,transportasi
Club Sandwich,0,makanan
Potong Rambut,7,lain_lain
Internet Bulanan,4,tagihan
Tagihan Air,4,tagihan
Cek Darah,6,kesehatan
Kacamata,3,belanja
ATM,7,lain_lain
grabexpress,7,lain_lain
UC PUBG,5,hiburan
kacamata,3,belanja
jskOnline,2,transportasi
Kopi Aren,1,minuman
Lensa Kontak,6,kesehatan
Nasi Ayam Kremes,0,makanan
Haeln9t Latty,1,minuman
2xSewa Kos,4,tagihan
GoRide,2,transportasi
Tempia,0,makanan
Wrap,0,makanan
Profiterole,0,makanan
Wahana,5,hiburan
Adobe,4,tagihan
Gado-Gado,0,makanan
nOgkos (irim,7,lain_lain
_PLN#,4,tagihan
Netflix,4,tagihan
@ MRT,2,transportasi
Lain-lain,7,lain_lain
Fotokopi,7,lain_lain
Chicken Wing,0,makanan
Cabut Gigi,6,kesehatan
Telur Dadar,0,makanan
Frappe,1,minuman
@ Zakat,7,lain_lain
3xRetribusi Parkir,2,transportasi
2xGoRide,2,transportasi
Fitness,5,hiburan
Sparkling Water,1,minuman
Ganti Oli,2,transportasi
Metromini,2,transportasi
Modul,3,belanja
Dokter,6,kesehatan
Takoyaki,0,makanan
Burer,0,makanan
Col! Brew,1,minuman
Damri,2,transportasi
Gelato,0,makanan
Steak,0,makanan
Futsal,5,hiburan
SCAN,7,lain_lain
Sate Ayam,0,makanan
Scan,7,lain_lain
Wahana,5,hiburan
2xBaterai,3,belanja
Bayar Kos,4,tagihan
1xDiamond ML,5,hiburan
Es Teh,1,minuman
FITNESS,5,hiburan
Data Internet,4,tagihan
HANSAPLAST,6,kesehatan
Print,7,lain_lain
Cold Brew,1,minuman
DATA INTERNET,4,tagihan
#Brown Sugar.,1,minuman
GrabCar,2,transportasi
-Festival.,5,hiburan
Billiard,5,hiburan
Lumpia,0,makanan
KONTRAKAN,4,tagihan
Iura Organisasi,7,lain_lain
Tagiha Air,4,tagihan
SiCepat,7,lain_lain
2xSuplemen,6,kesehatan
Pizza Toas,0,makanan
SiCepat,7,lain_lain
Sabun,3,belanja
Biaya Periksa,6,kesehatan
Mikrolet,2,transportasi
Power Bank,3,belanja
KONTRAKAN,4,tagihan
Tiket Bioskop,5,hiburan
3xLegalisir,7,lain_lain
Nasi Ayam Kremes,0,makanan
Taksi Onlin,2,transportasi
Multivitamin,6,kesehatan
Sw%ater,3,belanja
Isi Pulsa,4,tagihan
Penggaris,3,belanja
PASTA,0,makanan
Jus Mangga,1,minuman
Guardian,6,kesehatan
cuci baju,7,lain_lain
Tiket Bioskop,5,hiburan
materai,7,lain_lain
Lab Kesehatan,6,kesehatan
Cinepolis,5,hiburan
Tiket Event,5,hiburan
Biaay Kos,4,tagihan
Sedekah,7,lain_lain
2 Pasta,0,makanan
BPJS Kesehatan,4,tagihan
Lontong,0,makanan
top up ff,5,hiburan
#Cookie*,0,makanan
Kontrakan,4,tagihan
PAKET HEMAT,0,makanan
Fried Noodle,0,makanan
Scan,7,lain_lain
Apotek,6,kesehatan
2xEs Matcha,1,minuman
hoodie,3,belanja
2 Retribusi Parkir,2,transportasi
Tart,0,makanan
Es Buah,1,minuman
Isi Pulsa,4,tagihan
Jus Jambu,1,minuman
Disney Plus,4,tagihan
IndiHome,4,tagihan
Good Day,1,minuman
Pertalite,2,transportasi
@ Antasida,6,kesehatan
2 Microsoft 365,4,tagihan
DOMPET,3,belanja
Paracetamol,6,kesehatan
asuransi,4,tagihan
Tagihan WiFi,4,tagihan
Tagihan Listrik,4,tagihan
Tiket KRL,2,transportasi
Belanja Online,3,belanja
IKAT PINGGANG,3,belanja
-E-Toll-,2,transportasi
Skincare,3,belanja
Tiket Kereta,2,transportasi
Biaya Admin,4,tagihan
Sabun,3,belanja
Takoyaki,0,makanan
SPBU,2,transportasi
Bioskop,5,hiburan
mikrolet,2,transportasi
Tik Wisata,5,hiburan
Jilid,7,lain_lain
Jilid,7,lain_lain
Steak,0,makanan
Top Up Mobile Legends,5,hiburan
Smoothie,1,minuman
1xDiamond ML,5,hiburan
Donasi,7,lain_lain
BPJS Kesehatan,4,tagihan
Zakat,7,lain_lain
Kebun Binatang,5,hiburan
2xKwetiau,0,makanan
Masker,6,kesehatan
1xKuota Internet,4,tagihan
Minyak Kayu Putih,6,kesehatan
Topi,3,belanja
Blazer,3,belanja
Pensil,3,belanja
Apple Music,4,tagihan
Laundry,7,lain_lain
Lumpin,0,makanan
Obat Flu,6,kesehatan
Beef Bowl,0,makanan
Nonton Film,5,hiburan
Hansaplast,6,kesehatan
bbm,2,transportasi
Multivitamin,6,kesehatan
Tiket Konser,5,hiburan
1 ATM,7,lain_lain
Obat Maag,6,kesehatan
Tas,3,belanja
#Americano#,1,minuman
tagihan telepon,4,tagihan
1 Ojek,2,transportasi
2 PLN,4,tagihan
2xMinyak Kayu Putih,6,kesehatan
Tiket Bus,2,transportasi
Futsal,5,hiburan
kimbap,0,makanan
Nasi Goreng Kampung,0,makanan
Ongkir,7,lain_lain
Obat Flu,6,kesehatan
Detergen,3,belanja
Masker,6,kesehatan
Pertalite,2,transportasi
Tiket Masuk,5,hiburan
Pasta Gigi,3,belanja
-Obat Sakit Kepala_,6,kesehatan
*Retribusi Parkir.,2,transportasi
1 Pameran,5,hiburan
bayar listrik,4,tagihan
Bioskop,5,hiburan
Tambal Gigi,6,kesehatan
Sikat Gigi,3,belanja
1 Udon,0,makanan
AIR MINERAL,1,minuman
Antsida,6,kesehatan
jus jeruk,1,minuman
Ala Musik,5,hiburan
_Vitamin C-,6,kesehatan
Mobil Online,2,transportasi
Detergen,3,belanja
Taihan Air,4,tagihan
Iced Americano,1,minuman
PDAM,4,tagihan
.Rapid Test*,6,kesehatan
BAJU,3,belanja
Top Up Genshin,5,hiburan
Iuran Kelas,7,lain_lain
Pertalite,2,transportasi
Zpkat,7,lain_lain
Mobil Online,2,transportasi
Hojicha,1,minuman
Sedekah,7,lain_lain
Air PAM,4,tagihan
Mineal Water,1,minuman
Tagihan Telepon,4,tagihan
Jus Mangga,1,minuman
Tahu Tempe,0,makanan
ES CENDOL,1,minuman
Gelang,3,belanja
Tenis,5,hiburan
Internet Bulanan,4,tagihan
Bruschetta,0,makanan
Nasi Liwet,0,makanan
Tambal Gigi,6,kesehatan
Biaya Transfer,7,lain_lain
Caramel Macchiato,1,minuman
Pecel Lele,0,makanan
_Formulir-,7,lain_lain
Mizone,1,minuman
BBM,2,transportasi
1xObat Batuk,6,kesehatan
PLN,4,tagihan
Dokter,6,kesehatan
^uukr,7,lain_lain
UC PUBG,5,hiburan
Taksi Online,2,transportasi
vanilla latte,1,minuman
Hazelnut Latt,1,minuman
Red Velvet,0,makanan
-Charger-,3,belanja
*Vitamin C*,6,kesehatan
Sikat Gigi,3,belanja
GELANG,3,belanja
Top Ux fbie0 Legnds,5,hiburan
Top Up Mobile Legends,5,hiburan
CARPACCIO,0,makanan
3xApple Music,4,tagihan
Donasi,7,lain_lain
.Es Buah#,1,minuman
Soba,0,makanan
antasida,6,kesehatan
commuter line,2,transportasi
TAGIHAN TELEPON,4,tagihan
Formulir,7,lain_lain
Zakat,7,lain_lain
Gojek,2,transportasi
Taman Bermain,5,hiburan
@ Sorbet,0,makanan
Anteraja,7,lain_lain
Uang Kos,4,tagihan
Buku Tulis,3,belanja
mikrolet,2,transportasi
Sabun,3,belanja
Mobil Online,2,transportasi
3xJus Mangga,1,minuman
Energen,1,minuman
Tike Kereta,2,transportasi
Lontong,0,makanan
Aqua,1,minuman
Bubble Tea,1,minuman
Tahu Ikan Oma Giok,0,makanan
Formulir,7,lain_lain
Lab Kesehatan,6,kesehatan
Data Internet,4,tagihan
_Tas*,3,belanja
Antasida,6,kesehatan
Tiket Event,5,hiburan
Apotek,6,kesehatan
Nugget,0,makanan
Guardian,6,kesehatan
Kopi Latte,1,minuman
Biaya ePriksa,6,kesehatan
Oba Diare,6,kesehatan
Japchae,0,makanan
OjekOnline,2,transportasi
Nescafe,1,minuman
Nugget,0,makanan
Kuota Internet,4,tagihan
Kertas HVS,3,belanja
beef bowl,0,makanan
blt,0,makanan
Multivitamin,6,kesehatan
3xIuran Kelas,7,lain_lain
Bakso,0,makanan
ALAT MUSIK,5,hiburan
Tambal Gigi,6,kesehatan
Folder,3,belanja
3xChicken Bowl,0,makanan
3xTelur Dadar,0,makanan
Lampu,3,belanja
2 Masker,6,kesehatan
Celana,3,belanja
Resep Dokter,6,kesehatan
Bayar Listrik,4,tagihan
Fotokopi,7,lain_lain
Multivitamin,6,kesehatan
Boba,1,minuman
.Tiket Konser-,5,hiburan
Asuransi,4,tagihan
SiCepat,7,lain_lain
Parkir Motor,2,transportasi
tagihan listrik,4,tagihan
Pembalut,3,belanja
Softlens,6,kesehatan
Air PAM,4,tagihan
Lensa Kontak,6,kesehatan
2 Puskesmas,6,kesehatan
Dinsey Pus,4,tagihan
2xKlinik,6,kesehatan
ANTERAJA,7,lain_lain
Grb,2,transportasi
TENIS,5,hiburan
SPBU,2,transportasi
Sparkling Water,1,minuman
_Parkir Motor*,2,transportasi
Hazelnut Latte,1,minuman
Cookie,0,makanan
Tahu I(nr6maGoiok,0,makanan
Zakat,7,lain_lain
GELANG,3,belanja
Kebun Binatang,5,hiburan
Obat Batuk,6,kesehatan
biaya transfer,7,lain_lain
Caridpan,3,belanja
BPJS Kesehatan,4,tagihan
Pretzel,0,makanan
Tambal Gigi,6,kesehatan
1 Iuran Organisasi,7,lain_lain
.Chocolate Cake.,0,makanan
Pertaliet,2,transportasi
Zakat,7,lain_lain
WAHANA,5,hiburan
Tambal Gigi,6,kesehatan
#Nonton Film.,5,hiburan
Antasida,6,kesehatan
Dompet,3,belanja
Tagihan WiFi,4,tagihan
Soup,0,makanan
PLN,4,tagihan
OBAT MAAG,6,kesehatan
Grab,2,transportasi
Tomato Soup,0,makanan
Cat Akrilik,5,hiburan
Ongkir,7,lain_lain
keyboard,3,belanja
Uang Kos,4,tagihan
2 Gelang,3,belanja
Pulpen,3,belanja
Kopi Instan,1,minuman
SPBU,2,transportasi
Keyboard,3,belanja
PLN,4,tagihan
Futsal,5,hiburan
Servis Motor,2,transportasi
@ Kopi Instan,1,minuman
pcr,6,kesehatan
Pertamax,2,transportasi
Mie Ayam,0,makanan
kincare,3,belanja
.Lensa Kontak_,6,kesehatan
Kopi Instan,1,minuman
Biaya Kos,4,tagihan
Tagihan Listrik,4,tagihan
Legalisir,7,lain_lain
Es Teh,1,minuman
Pembalut,3,belanja
Jus Semangka,1,minuman
Tiket Kereta,2,transportasi
eMtromini,2,transportasi
Grab,2,transportasi
Cap Cay,0,makanan
METROMINI,2,transportasi
Cukur,7,lain_lain
*Bayar Listrik-,4,tagihan
Lychee Drink,1,minuman
Softlens,6,kesehatan
Festival,5,hiburan
-Cat Akrilik_,5,hiburan
Obat Maa,6,kesehatan
Pensil,3,belanja
Dompet,3,belanja
Pisang Goreng,0,makanan
Salon,7,lain_lain
Tagihan Telepon,4,tagihan
E-Toll,2,transportasi
Kuota Iternte,4,tagihan
Detergen,3,belanja
Topi,3,belanja
KONSULTASI DOKTER,6,kesehatan
UC PUBG,5,hiburan
T&hueTm!e,0,makanan
Spotify,4,tagihan
mikrolet,2,transportasi
Gnocchi,0,makanan
-Nasi Campur_,0,makanan
Softener,3,belanja
1xRawon,0,makanan
_Iuran Kelas#,7,lain_lain
Transjakarta,2,transportasi
Tark Latte,1,minuman
Anteraja,7,lain_lain
Ramune,1,minuman
Club Soda,1,minuman
Carrot Cake,0,makanan
Paracetamol,6,kesehatan
Obat Flu,6,kesehatan
Tagihan WiFi,4,tagihan
Pertatax,2,transportasi
Bayar Kos,4,tagihan
Isi Pulsa,4,tagihan
Futsal,5,hiburan
Bebek Goreng,0,makanan
@ GrabBike,2,transportasi
Kereta Api,2,transportasi
teh hijau,1,minuman
Wahana,5,hiburan
Lab Kesehatan,6,kesehatan
Tiket Konser,5,hiburan
Karaoke,5,hiburan
E Matcha,1,minuman
OBAT BATUK,6,kesehatan
Top Up Game,5,hiburan
Hansaplast,6,kesehatan
mouse,3,belanja
1xMaximCar,2,transportasi
Biaya Berobat,6,kesehatan
Softlens,6,kesehatan
Transfer,7,lain_lain
Wrap,0,makanan
BRUSCHETTA,0,makanan
3xCat Akrilik,5,hiburan
Kopi Sus,1,minuman
ISI PULSA,4,tagihan
.Ongkos Kirim#,7,lain_lain
Ltte,1,minuman
nggarsi,3,belanja
bensin,2,transportasi
Vitain ,6,kesehatan
Karaoke,5,hiburan
Pameran,5,hiburan
Ikat Pinggang,3,belanja
Good Day,1,minuman
skincare,3,belanja
BPJS Kesehatan,4,tagihan
dumpling,0,makanan
2xBiscuit,0,makanan
Tisu,3,belanja
3xPeppermint Tea,1,minuman
Sampo,3,belanja
Formulir,7,lain_lain
-Buku Tulis*,3,belanja
Donasi,7,lain_lain
WiFi,4,tagihan
.Betadine*,6,kesehatan
uRmah Sakit,6,kesehatan
iced latte,1,minuman
Jus Melon,1,minuman
WiFi,4,tagihan
Biaya Admi,4,tagihan
Kopi Espresso,1,minuman
Cookie,0,makanan
Pameran,5,hiburan
2xBioskop,5,hiburan
Nasi Ayam Geprek,0,makanan
Grab,2,transportasi
JNT,7,lain_lain
Brown Sugar,1,minuman
Guardian,6,kesehatan
Ojek,2,transportasi
2 Cabut Gigi,6,kesehatan
Fried Rice,0,makanan
STRAWBERRY DRINK,1,minuman
Es Dawet,1,minuman
es kopi susu,1,minuman
Jilid,7,lain_lain
@ Brown Sugar,1,minuman
Wahana,5,hiburan
donasi,7,lain_lain
OBAT SAKIT KEPALA,6,kesehatan
E-Toll,2,transportasi
Air PAM,4,tagihan
Maxim,2,transportasi
Cvrae lMcchiato,1,minuman
_Gado-Gado_,0,makanan
Retribus inarir,2,transportasi
Diamond ML,5,hiburan
Dokter Gigi,6,kesehatan
Air Mineral,1,minuman
futsal,5,hiburan
-Kopi Cappuccino.,1,minuman
JNE,7,lain_lain
GoRide,2,transportasi
#Biaya Berobat-,6,kesehatan
Kaos,3,belanja
Obat Sakit Kepala,6,kesehatan
Fried Rice,0,makanan
Pulpen,3,belanja
BUBBLE TEA,1,minuman
Top Up Genshin,5,hiburan
Kacamata,3,belanja
Spring Roll,0,makanan
buku novel,5,hiburan
_Tiket Masuk-,5,hiburan
Deodoran,3,belanja
Parkir,2,transportasi
kolam renang,5,hiburan
#Dompet_,3,belanja
1oodle,0,makanan
Biosko,5,hiburan
SOFTENER,3,belanja
Obat Diare,6,kesehatan
TOP UP PUBG,5,hiburan
TOPI,3,belanja
Nonton Film,5,hiburan
tagihan listrik,4,tagihan
Commuter Line,2,transportasi
1 Pizza Toast,0,makanan
PCR,6,kesehatan
Tenis,5,hiburan
bowling,5,hiburan
JNT,7,lain_lain
Festival,5,hiburan
Pie,0,makanan
Cuci Baju,7,lain_lain
Mikrolet,2,transportasi
Tiket Event,5,hiburan
Pulsa,4,tagihan
Banana Bread,0,makanan
OjekOnline,2,transportasi
1xAmericano,1,minuman
TIKET KONSER,5,hiburan
Le Mineral,1,minuman
@ Disney Plus,4,tagihan
Ganti Oli,2,transportasi
Metromini,2,transportasi
Donasi,7,lain_lain
iuran kelas,7,lain_lain
Tol,2,transportasi
Peppermint Tea,1,minuman
Materai,7,lain_lain
Uang K@,4,tagihan
2 Lain-lain,7,lain_lain
MOZZARELLA STICK,0,makanan
Cabut Gigi,6,kesehatan
air pam,4,tagihan
Nonton Fim,5,hiburan
Gelang,3,belanja
Lensa Kontak,6,kesehatan
Lain-lain,7,lain_lain
#Nugget*,0,makanan
1xAngkot,2,transportasi
Dompet,3,belanja
Lab Kesehatan,6,kesehatan
Taman Bermain,5,hiburan
SiCepat,7,lain_lain
*Spotify*,4,tagihan
Nonton Film,5,hiburan
Biaya Berobat,6,kesehatan
PIZZA TOAST,0,makanan
MATCHA LATTE,1,minuman
Retribusi Parkir,2,transportasi
Biaya Berobat,6,kesehatan
Tike Masuk,5,hiburan
Boba,1,minuman
Mouse,3,belanja
P*rik rMotor,2,transportasi
oolong tea,1,minuman
Lemonade,1,minuman
Calpico,1,minuman
Lab Kesehatan,6,kesehatan
masker,6,kesehatan
Lainlian,7,lain_lain
Tenis,5,hiburan
GoSend,7,lain_lain
2 Busway,2,transportasi
Adobe,4,tagihan
Anteraja,7,lain_lain
Cinepolis,5,hiburan
Ojek,2,transportasi
Sabun,3,belanja
Bioskop,5,hiburan
Iura Kelas,7,lain_lain
Donasi,7,lain_lain
Cek Darah,6,kesehatan
_Dokter Gigi*,6,kesehatan
Asuransi,4,tagihan
Frappe,1,minuman
Mobil Online,2,transportasi
Biaya Kos,4,tagihan
Lensa Kontak,6,kesehatan
_OjekOnline.,2,transportasi
Kimia Farma,6,kesehatan
1xCinepolis,5,hiburan
Bensin,2,transportasi
kertas hvs,3,belanja
First eMdia,4,tagihan
Buloggi,0,makanan
LATTE,1,minuman
Microsoft 365,4,tagihan
Ayam Goreng,0,makanan
Gelang,3,belanja
Canva Pro,4,tagihan
Kopi Sus Kolonel,1,minuman
Gelang,3,belanja
PLN,4,tagihan
Patungan,7,lain_lain
bpjs kesehatan,4,tagihan
Zakat,7,lain_lain
Setrika,7,lain_lain
Iced Americano,1,minuman
APOTEK,6,kesehatan
*Dakgalbi*,0,makanan
Nasi Liwet,0,makanan
Obat Sakit Kepala,6,kesehatan
Dompet,3,belanja
Caramel Latte,1,minuman
CGV,5,hiburan
2 JNE,7,lain_lain
Lavender Latte,1,minuman
Iuran,4,tagihan
Map Plastik,3,belanja
Dress,3,belanja
Kacamata,6,kesehatan
Bus,2,transportasi
@ Tagihan Listrik,4,tagihan
Futsal,5,hiburan
Biaya Transfer,7,lain_lain
Iced Americano,1,minuman
Paket Data,4,tagihan
Netflix,4,tagihan
BPJS Kesehatan,4,tagihan
Gelang,3,belanja
Es Buah,1,minuman
Pertalite,2,transportasi
Kopi Tubruk,1,minuman
1xSedekah,7,lain_lain
Matcha Latte,1,minuman
Internet Bulanan,4,tagihan
Si3epa$,7,lain_lain
Headset,3,belanja
2 Sepatu,3,belanja
2 Hazelnut Latte,1,minuman
Nachos,0,makanan
Parfait,0,makanan
Kereta Api,2,transportasi
Masker,6,kesehatan
Mikrolet,2,transportasi
indihome,4,tagihan
Headset,3,belanja
SiCepat,7,lain_lain
Ar PAM,4,tagihan
KONTRAKAN,4,tagihan
Betadine,6,kesehatan
Pertalite,2,transportasi
Patungan,7,lain_lain
Setrika,7,lain_lain
Jus eruk,1,minuman
Burger,0,makanan
us Dawet,1,minuman
BBM,2,transportasi
Internet Bulanan,4,tagihan
Penggaris,3,belanja
Zakat,7,lain_lain
Caramel Macchiato,1,minuman
Taksi Online,2,transportasi
FLASHDISK,3,belanja
Gulai,0,makanan
Deodoran,3,belanja
KARAOKE,5,hiburan
Isi Bensin,2,transportasi
Canva Pro,4,tagihan
Mobi Online,2,transportasi
Minyak Kayu Putih,6,kesehatan
SPOTIFY,4,tagihan
1xMap Plastik,3,belanja
Cuci Baju,7,lain_lain
Penggaris,3,belanja
Masker,6,kesehatan
Legalisir,7,lain_lain
Bowling,5,hiburan
Kebun Binatang,5,hiburan
TAS,3,belanja
Penggaris,3,belanja
Cat Afrilki,5,hiburan
3xKereta Api,2,transportasi
busway,2,transportasi
Orange Juice,1,minuman
Klinik,6,kesehatan
Good Day,1,minuman
Pulsa,4,tagihan
TOPI,3,belanja
BAYAR KOS,4,tagihan
bayar kos,4,tagihan
@ Biaya Admin,4,tagihan
Gado-Gado,0,makanan
.Kereta Api-,2,transportasi
Uang Kos,4,tagihan
Lain-lain,7,lain_lain
YouTube Premium,4,tagihan
kaos,3,belanja
Textbook,3,belanja
GrabCar,2,transportasi
komik,5,hiburan
GANTI OLI,2,transportasi
Kolam Renang,5,hiburan
Top Up FF,5,hiburan
sampo,3,belanja
Biaya Transfer,7,lain_lain
#Ramyeon-,0,makanan
Nasi Bakar,0,makanan
Kuota Internet,4,tagihan
Obat Flu,6,kesehatan
*Mushroom Soup*,0,makanan
Parkir Mobil,2,transportasi
Multivitain,6,kesehatan
Futsal,5,hiburan
Parkir Mobil,2,transportasi
Strudel,0,makanan
Transjakarta,2,transportasi
Es Kelapa Muda,1,minuman
Buku Kuliah,3,belanja
Badminton,5,hiburan
GrabCar,2,transportasi
billiard,5,hiburan
Kimia Farma,6,kesehatan
Good Day,1,minuman
Cukur,7,lain_lain
Cinepolis,5,hiburan
Disney Plus,4,tagihan
Sausage Bread,0,makanan
sewa kos,4,tagihan
Metromini,2,transportasi
Canva Pro,4,tagihan
GoSend,7,lain_lain
Nasi Campu,0,makanan
Gojek,2,transportasi
Tiket Konser,5,hiburan
ISI PULSA,4,tagihan
Makan Sidn6,0,makanan
Materai,7,lain_lain
IndiHome,4,tagihan
Infaq,7,lain_lain
Ojek,2,transportasi
Spring Roll,0,makanan
Jus Jambu,1,minuman
Ibuprofen,6,kesehatan
Jus Alpukat,1,minuman
Pancake,0,makanan
Commuter Line,2,transportasi
MACARON,0,makanan
Ko5am Resang,5,hiburan
GrabCar,2,transportasi
asuransi,4,tagihan
Apotek,6,kesehatan
GOJEK,2,transportasi
TOP UP FF,5,hiburan
VITAMIN C,6,kesehatan
Potong Rambut,7,lain_lain
Cappuccino,1,minuman
Keyboard,3,belanja
Multivitamin,6,kesehatan
2 Ongkos Kirim,7,lain_lain
ATM,7,lain_lain
YouTube Premium,4,tagihan
Anteraja,7,lain_lain
PEACH TEA,1,minuman
3xMaterai,7,lain_lain
Baterai,3,belanja
TIKET PESAWAT,2,transportasi
zakat,7,lain_lain
Pretzel,0,makanan
Maxim,2,transportasi
NACHOS,0,makanan
Oba Sakit Kepala,6,kesehatan
PDAM,4,tagihan
Boba,1,minuman
E-Toll,2,transportasi
Data Internet,4,tagihan
Sorbet,0,makanan
Lensa Kontak,6,kesehatan
Sandal,3,belanja
KOPI INSTAN,1,minuman
VOUCHER GAME,5,hiburan
Legalisir,7,lain_lain
tokopedia,3,belanja
Kereta Api,2,transportasi
Bihun Goreng,0,makanan
#Top Up Genshin-,5,hiburan
Damri,2,transportasi
PDAM,4,tagihan
Salon,7,lain_lain
Fried Rice,0,makanan
Tiket Kereta,2,transportasi
Popcorn,0,makanan
Mushroom Soup,0,makanan
_Mineral Water.,1,minuman
ds K!lpaa M7da,1,minuman
Muffin,0,makanan
PLN,4,tagihan
UC PUBG,5,hiburan
Lain-lain,7,lain_lain
1 Transfer,7,lain_lain
lampu,3,belanja
Udon,0,makanan
Makan Siang,0,makanan
*Tempura-,0,makanan
1xCommuter Line,2,transportasi
Voucher Game,5,hiburan
Tisu,3,belanja
1 Paracetamol,6,kesehatan
Le Mineral,1,minuman
Tas,3,belanja
Topi,3,belanja
GrabCar,2,transportasi
Trt,0,makanan
BIAYA ADMIN,4,tagihan
KRL,2,transportasi
Kopi Tubruk,1,minuman
Sewa Kos,4,tagihan
Tiket (iosko#,5,hiburan
Sunscreen,3,belanja
Brown Sugar Latte,1,minuman
Pertalite,2,transportasi
CARAMEL LATTE,1,minuman
Spring Roll,0,makanan
tkay Malam,0,makanan
2xToken Listrik,4,tagihan
Nasi Goreng,0,makanan
Spidol,3,belanja
Map Plasti,3,belanja
Print,7,lain_lain
Ojek,2,transportasi
Mango Drink,1,minuman
Buku Catatan,3,belanja
Pulsa,4,tagihan
Ibuprofen,6,kesehatan
Biaya Transfer,7,lain_lain
Angkot,2,transportasi
Tranhjakarat,2,transportasi
Cat Akrilik,5,hiburan
kupat tahu,0,makanan
#Grill#,0,makanan
Donasi,7,lain_lain
3xGrabExpress,7,lain_lain
Tagihan HP,4,tagihan
Amoxicillin,6,kesehatan
1 Softener,3,belanja
Club Sandwich,0,makanan
@ Paket Data,4,tagihan
@ Earl Grey,1,minuman
Strawberry Drink,1,minuman
2xAntasida,6,kesehatan
Chicken Wing,0,makanan
Tiramisu,0,makanan
1 Telur Dadar,0,makanan
NASI LIWET,0,makanan
Ice Cream,0,makanan
1xMaxim,2,transportasi
Pasta Gigi,3,belanja
Frappe,1,minuman
First Media,4,tagihan
Parfait,0,makanan
ANGKOT,2,transportasi
Ganti Oli,2,transportasi
Tisu,3,belanja
Tiket MRT,2,transportasi
Jajan,7,lain_lain
Suplemen,6,kesehatan
Lab Kesehatan,6,kesehatan
Taman Bermain,5,hiburan
_OjekOnline*,2,transportasi
Tiket Wisata,5,hiburan
.Cuci Baju-,7,lain_lain
#Lain-lain.,7,lain_lain
Apple Music,4,tagihan
dokter,6,kesehatan
Earphone,3,belanja
Nasi Box,0,makanan
1xScan,7,lain_lain
.GrabExpress*,7,lain_lain
PARKIR,2,transportasi
PLN,4,tagihan
Pulsa,4,tagihan
Rawon,0,makanan
Rumah Sakit,6,kesehatan
Stempel,7,lain_lain
AMERICANO,1,minuman
Skincare,3,belanja
Biaya Kos,4,tagihan
Top Up Genshin,5,hiburan
MULTIVITAMIN,6,kesehatan
@ Ketoprak,0,makanan
Macchiato,1,minuman
Parkir,2,transportasi
STABILO,3,belanja
Obat Diare,6,kesehatan
Tagihan HP,4,tagihan
Parkir Mobil,2,transportasi
2 Cukur,7,lain_lain
Stabilo,3,belanja
-Kopi Hitam.,1,minuman
Kopi Dalgona,1,minuman
Ketoprak,0,makanan
-Kopi Gula Aren.,1,minuman
Brown Sugar Latte,1,minuman
Kopi Aren,1,minuman
Apotek,6,kesehatan
Tas,3,belanja
Cat Akrilik,5,hiburan
Kopi Dalgona,1,minuman
valt7e,1,minuman
BETADINE,6,kesehatan
multivitamin,6,kesehatan
2xInternet Bulanan,4,tagihan
Ongkir,7,lain_lain
Ibuprofen,6,kesehatan
Lensa Kontak,6,kesehatan
Netflix,4,tagihan
nugget,0,makanan
YouTube Premium,4,tagihan
.Cardigan*,3,belanja
Pame5n,5,hiburan
Infaq,7,lain_lain
Hazelnut Latte,1,minuman
Sparklin gter,1,minuman
GrabExpress,7,lain_lain
Top Up Game,5,hiburan
Anteraja,7,lain_lain
Celana,3,belanja
Dokter Gigi,6,kesehatan
Disney Plus,4,tagihan
Tagiha Air,4,tagihan
SPBU,2,transportasi
Bayar Kos,4,tagihan
Materai,7,lain_lain
adobe,4,tagihan
Infaq,7,lain_lain
Topi,3,belanja
N4si Puti,0,makanan
GNOCCHI,0,makanan
Fried Noodl,0,makanan
cek darah,6,kesehatan
#Ongkos Kirim-,7,lain_lain
Macchiato,1,minuman
.Rapid Test#,6,kesehatan
Onion Ring,0,makanan
Kupat Tahu,0,makanan
spotify,4,tagihan
Festival,5,hiburan
#Mozzarella Stick_,0,makanan
Fitness,5,hiburan
1 GoSend,7,lain_lain
HANSAPLAST,6,kesehatan
Cappuccion,1,minuman
Wrap,0,makanan
tiket bus,2,transportasi
Topi,3,belanja
Gorengan,0,makanan
Buk Novel,5,hiburan
Waffle,0,makanan
Baju,3,belanja
SKINCARE,3,belanja
Sewa Kos,4,tagihan
Ikan Bakar,0,makanan
Tiket Bioskop,5,hiburan
Salon,7,lain_lain
Kopi Hitam,1,minuman
.Resep Dokter.,6,kesehatan
Lensa Konta,6,kesehatan
Kebun Binatang,5,hiburan
Carpaccio,0,makanan
Konsultasi Dokter,6,kesehatan
Billiard,5,hiburan
Mouse,3,belanja
JNE,7,lain_lain
Tagihan Listrik,4,tagihan
ES DAWET,1,minuman
agqhan Listrik,4,tagihan
Jilid,7,lain_lain
*Patungan*,7,lain_lain
.Paracetamol#,6,kesehatan
@ Buku Kuliah,3,belanja
penggaris,3,belanja
Laundry,7,lain_lain
Thai Tea,1,minuman
Dokter,6,kesehatan
Thai Tea,1,minuman
Potong Rambut,7,lain_lain
Kacamata,6,kesehatan
2 Bensin,2,transportasi
@ Cardigan,3,belanja
GoRide,2,transportasi
Vitamiz ,6,kesehatan
Angkot,2,transportasi
angkot,2,transportasi
Kaos,3,belanja
french toast,0,makanan
obat batuk,6,kesehatan
-Sampo_,3,belanja
materai,7,lain_lain
Kaos,3,belanja
Kimia Farma,6,kesehatan
Tiket Bus,2,transportasi
2xParkir Motor,2,transportasi
Frappe,1,minuman
E-Toll,2,transportasi
Biaya Periksa,6,kesehatan
Muffin,0,makanan
Betadine,6,kesehatan
Steam,5,hiburan
KOPI TUBRUK,1,minuman
PDAM,4,tagihan
GoSend,7,lain_lain
Strudel,0,makanan
Crostini,0,makanan
Formulir,7,lain_lain
Nonton Fil,5,hiburan
1xTeh Manis,1,minuman
Ojek,2,transportasi
ongkir,7,lain_lain
Nasi Goreng Kampung,0,makanan
Obat Diare,6,kesehatan
Dompet,3,belanja
3xHotdog,0,makanan
Mie Goreng,0,makanan
3xMizone,1,minuman
_Tas_,3,belanja
#Pameran_,5,hiburan
ganti oli,2,transportasi
Baju,3,belanja
Vitamin C,6,kesehatan
_Busway.,2,transportasi
CGV,5,hiburan
Sewa Kos,4,tagihan
#Tas#,3,belanja
First Media,4,tagihan
Rapid Test,6,kesehatan
UC PUBG,5,hiburan
SPBU,2,transportasi
headset,3,belanja
Kopi Susu Kolonel,1,minuman
Kebun Binatang,5,hiburan
Grape Juice,1,minuman
2xMasker,6,kesehatan
Hoodie,3,belanja
1 First Media,4,tagihan
UC PUBG,5,hiburan
Suplemen,6,kesehatan
.Es Campur*,1,minuman
Tiket Konser,5,hiburan
Kupat Tahu,0,makanan
Pudding,0,makanan
Rumah Sakit,6,kesehatan
1xKopi Latte,1,minuman
MRT,2,transportasi
Calpico,1,minuman
Powe Bank,3,belanja
Kilnik,6,kesehatan
Microsoft 365,4,tagihan
Kopi Susu,1,minuman
2xBuku Novel,5,hiburan
buku catatan,3,belanja
Bowling,5,hiburan
Jaket,3,belanja
Asuransi,4,tagihan
Biaya Admin,4,tagihan
Tiket Konser,5,hiburan
Formulir,7,lain_lain
Soba,0,makanan
Vanilla Latte,1,minuman
Carrot Cake,0,makanan
Transjakarta,2,transportasi
kebun binatang,5,hiburan
Es Campu9,1,minuman
Burger,0,makanan
Dress,3,belanja
Jam Tangan,3,belanja
#Greek Salad#,0,makanan
Lychee Drink,1,minuman
Print,7,lain_lain
Ongkir,7,lain_lain
3xTagihan Listrik,4,tagihan
Transfr,7,lain_lain
Print,7,lain_lain
Pasta Gigi,3,belanja
B9y Admiv,4,tagihan
Klinik,6,kesehatan
Earphone,3,belanja
kopi espresso,1,minuman
Tiket Masu,5,hiburan
Croissant,0,makanan
Antasida,6,kesehatan
3xVoucher Game,5,hiburan
Chocolate Cake,0,makanan
*Servis Motor*,2,transportasi
Flashdisk,3,belanja
Nasi Box,0,makanan
@ Grab,2,transportasi
parkir motor,2,transportasi
Cek Darah,6,kesehatan
Lain-lain,7,lain_lain
Kabel Dat,3,belanja
bulgogi,0,makanan
Lab qesehtan,6,kesehatan
3xInfaq,7,lain_lain
Tagihan HP,4,tagihan
Salon,7,lain_lain
OjekOnline,2,transportasi
Hansaplast,6,kesehatan
@ Fotokopi,7,lain_lain
2xKRL,2,transportasi
*Bayar Kos.,4,tagihan
Cappuccino,1,minuman
*MRT#,2,transportasi
ALAT MUSIK,5,hiburan
Microsof 365,4,tagihan
Matcha Latte,1,minuman
3xGoSend,7,lain_lain
Fries,0,makanan
Antasida,6,kesehatan
Kacamsta,6,kesehatan
Kereta Api,2,transportasi
2xPLN,4,tagihan
Frappe,1,minuman
Tagihan HP,4,tagihan
*Jam Tangan*,3,belanja
Token Listrik,4,tagihan
i*ket onser,5,hiburan
jne,7,lain_lain
#Kertas HVS#,3,belanja
Nasi Kuning,0,makanan
VITAMIN D,6,kesehatan
2 Buku Novel,5,hiburan
Lemon Tea,1,minuman
Cukur,7,lain_lain
Metromini,2,transportasi
2xChamomile,1,minuman
telur ceplok,0,makanan
Kaos,3,belanja
PARKIR MOTOR,2,transportasi
Pizza,0,makanan
paket nasi ayam,0,makanan
Makan Sian,0,makanan
First Media,4,tagihan
Scan,7,lain_lain
-Biaya Pendaftaran#,7,lain_lain
Nasi Goreng Seafood,0,makanan
IndiHome,4,tagihan
_Token Listrik-,4,tagihan
Muffin,0,makanan
Kop3 S^su,1,minuman
Risol,0,makanan
pulsa,4,tagihan
Betadine,6,kesehatan
SEWA KOS,4,tagihan
Komik,5,hiburan
Tiket Pesawat,2,transportasi
Taman Bemrain,5,hiburan
GOJEK,2,transportasi
Komik,5,hiburan
Teh Susu,1,minuman
Mobil Online,2,transportasi
Token Listrik,4,tagihan
Obat Maag,6,kesehatan
Modul,3,belanja
1 YouTube Premium,4,tagihan
Oabt Flu,6,kesehatan
Detergen,3,belanja
Dompet,3,belanja
_Cardigan-,3,belanja
Deodoran,3,belanja
Parkir Mobil,2,transportasi
jne,7,lain_lain
Biaya Berobat,6,kesehatan
Jjajangmyeon,0,makanan
BAYAR KOS,4,tagihan
TRANSFER,7,lain_lain
Grape Juice,1,minuman
PLN,4,tagihan
Bioskop,5,hiburan
Antasida,6,kesehatan
Pudding,0,makanan
2xKereta Api,2,transportasi
Klinik,6,kesehatan
Nonto Film,5,hiburan
Mobil Online,2,transportasi
Kebun Binatang,5,hiburan
Nescafe,1,minuman
Tagihan Listrik,4,tagihan
Kuota Internet,4,tagihan
-Bowling.,5,hiburan
Donasi,7,lain_lain
Cek Darah,6,kesehatan
*Tiket Konser_,5,hiburan
Commuter Line,2,transportasi
Amoxicillin,6,kesehatan
Profiterole,0,makanan
MaximCar,2,transportasi
Tagihan Telepon,4,tagihan
Resep Dokter,6,kesehatan
Iurn Organiasz,7,lain_lain
Nugget,0,makanan
Tiket Event,5,hiburan
KAOS,3,belanja
Tambal Gigi,6,kesehatan
Cukur,7,lain_lain
-Skincare.,3,belanja
Hotdog,0,makanan
Retribusi Parkir,2,transportasi
Lensa Kontak,6,kesehatan
1 Asuransi,4,tagihan
Karaoke,5,hiburan
SiCepat,7,lain_lain
Tiket Event,5,hiburan
cinepolis,5,hiburan
badminton,5,hiburan
bbm,2,transportasi
Sunscreen,3,belanja
Apple Juice,1,minuman
3xDiamond ML,5,hiburan
Transfer,7,lain_lain
Voucher Game,5,hiburan
CGV,5,hiburan
_Nasi Ayam Kremes#,0,makanan
Nescafe,1,minuman
#Vitamin C.,6,kesehatan
BBM,2,transportasi
Obat Flu,6,kesehatan
Apple Juice,1,minuman
Lab Kesehatan,6,kesehatan
Brown Sugar Latte,1,minuman
Cinepolis,5,hiburan
BPJS Kesehatan,4,tagihan
earphone,3,belanja
Hoodie,3,belanja
Wafge,0,makanan
Mobil Online,2,transportasi
Biaya Periksa,6,kesehatan
Sarapan,0,makanan
Deodoran,3,belanja
Tagihan Telepon,4,tagihan
OjekOnline,2,transportasi
Tagihan Listrik,4,tagihan
Hansaplast,6,kesehatan
*Calpico.,1,minuman
Ongkir,7,lain_lain
BPJS Kesehatan,4,tagihan
Betadine,6,kesehatan
Nescafe,1,minuman
BENSIN,2,transportasi
Sedekah,7,lain_lain
Betadine,6,kesehatan
MATCHA LATTE,1,minuman
Teh Hijau,1,minuman
Shopee,3,belanja
Pancake,0,makanan
Hoodie,3,belanja
laundry,7,lain_lain
Spidol,3,belanja
Modul,3,belanja
Tiket Masuk,5,hiburan
Cta Ariilk,5,hiburan
Detergen,3,belanja
Sunscreen,3,belanja
Token Listrik,4,tagihan
Top Up Game,5,hiburan
Hoodie,3,belanja
Materai,7,lain_lain
Puskesmas,6,kesehatan
damri,2,transportasi
Kertas HVS,3,belanja
Kabel Data,3,belanja
GrabExpress,7,lain_lain
Mikrolet,2,transportasi
Dieny Plus,4,tagihan
Hazelnut Latte,1,minuman
#Gorengan#,0,makanan
Nasi Box,0,makanan
Dakgalbi,0,makanan
Es Teh,1,minuman
Gnocchi,0,makanan
Carrot Cake,0,makanan
Ramune,1,minuman
Shopee,3,belanja
*Paket Data-,4,tagihan
Pameran,5,hiburan
JNE,7,lain_lain
SICEPAT,7,lain_lain
WAHANA,5,hiburan
Buffalo Wing,0,makanan
#Nachos.,0,makanan
gelang,3,belanja
Spotify,4,tagihan
Topi,3,belanja
#GoCar-,2,transportasi
Maxim,2,transportasi
XdI,5,hiburan
pecel lele,0,makanan
Telur Dadar,0,makanan
.GrabExpress_,7,lain_lain
scan,7,lain_lain
suplemen,6,kesehatan
Zakat,7,lain_lain
Frappe,1,minuman
Le Mineral,1,minuman
Japchae,0,makanan
3xSpidol,3,belanja
Mango Drink,1,minuman
JNT,7,lain_lain
MaximCar,2,transportasi
Es Kopi Susu,1,minuman
Obat Batuk,6,kesehatan
JT,7,lain_lain
Patungan,7,lain_lain
Resep Dokter,6,kesehatan
Adobe,4,tagihan
Stempel,7,lain_lain
GOJEK,2,transportasi
Taksi Online,2,transportasi
XXI,5,hiburan
GOSEND,7,lain_lain
GrabBike,2,transportasi
Fitness,5,hiburan
Betadine,6,kesehatan
Orange Juice,1,minuman
kebun binatang,5,hiburan
PLN,4,tagihan
PANCAKE,0,makanan
C$ickeW ing,0,makanan
BIAYA BEROBAT,6,kesehatan
Penggaris,3,belanja
Penggaris,3,belanja
Cap Cay,0,makanan
Materai,7,lain_lain
Donasi,7,lain_lain
SPBU,2,transportasi
Amoxicillin,6,kesehatan
@ Tenis,5,hiburan
Kopi Latte,1,minuman
1xPocari Sweat,1,minuman
Transfer,7,lain_lain
Es Teh,1,minuman
Mobil Online,2,transportasi
#Internet Bulanan_,4,tagihan
WiFi,4,tagihan
Earphone,3,belanja
Legalisir,7,lain_lain
Retribusi Parkir,2,transportasi
Es Kopi Susu,1,minuman
Jjajangmyeon,0,makanan
TAS,3,belanja
Earphone,3,belanja
3xJNT,7,lain_lain
2 Orange Juice,1,minuman
Buku Novel,5,hiburan
Setrika,7,lain_lain
TAGIHAN AIR,4,tagihan
Taman Bermain,5,hiburan
_Japchae.,0,makanan
Sotlens,6,kesehatan
DONASI,7,lain_lain
Komik,5,hiburan
Sepatu,3,belanja
Rapid Test,6,kesehatan
Kopi Tubruk,1,minuman
MRT,2,transportasi
Damri,2,transportasi
PLN,4,tagihan
Tas,3,belanja
2xTransjakarta,2,transportasi
Biaya Kos,4,tagihan
Nasi Padang,0,makanan
Materai,7,lain_lain
Formulir,7,lain_lain
Popcorn,0,makanan
Sausage Bread,0,makanan
UC PUBG,5,hiburan
Transjakarta,2,transportasi
First Media,4,tagihan
DIAMOND ML,5,hiburan
BPJS Kesehatan,4,tagihan
*ATM*,7,lain_lain
Festival,5,hiburan
2 Vitamin C,6,kesehatan
wetiau,0,makanan
Cappuccino,1,minuman
-Folder-,3,belanja
Billiard,5,hiburan
@ Asuransi,4,tagihan
parkir motor,2,transportasi
Peppermin Tea,1,minuman
Tikte Boskop,5,hiburan
.Salon*,7,lain_lain
Dimsum,0,makanan
Vanilla Latte,1,minuman
BBM,2,transportasi
Noodle,0,makanan
OBAT DIARE,6,kesehatan
Kontrakan,4,tagihan
Multivitamin,6,kesehatan
GrabExpress,7,lain_lain
tenis,5,hiburan
Kontraakn,4,tagihan
Ikat Pinggang,3,belanja
CARAMEL MACCHIATO,1,minuman
Alat Musik,5,hiburan
Espresso,1,minuman
Es Cendol,1,minuman
GOSEND,7,lain_lain
Jam Tangan,3,belanja
Earl Grey,1,minuman
maximcar,2,transportasi
BLT,0,makanan
CIRENG,0,makanan
Biaya Pendaftaran,7,lain_lain
Lemonade,1,minuman
-Puskesmas.,6,kesehatan
RAMEN,0,makanan
Scan,7,lain_lain
GoRide,2,transportasi
Tiket Event,5,hiburan
3xIndiHome,4,tagihan
Aqua,1,minuman
Vitamin C,6,kesehatan
IURAN,4,tagihan
ANGKOT,2,transportasi
Ramyeon,0,makanan
Kontpkaan,4,tagihan
TIKET PESAWAT,2,transportasi
Detergen,3,belanja
buku tulis,3,belanja
Sampo,3,belanja
Vanilla Latte,1,minuman
-Nasi Warteg_,0,makanan
Bayar Listrik,4,tagihan
Sewa Kos,4,tagihan
Suplemen,6,kesehatan
Kacamata,6,kesehatan
Ketoprak,0,makanan
Mobil Online,2,transportasi
PEPPERMINT TEA,1,minuman
.Matcha Latte_,1,minuman
TISU,3,belanja
BADMINTON,5,hiburan
_GoCar.,2,transportasi
Kop Gula Aren,1,minuman
PEACH TEA,1,minuman
Hoodie,3,belanja
Internet Bulanan,4,tagihan
Kereta Api,2,transportasi
Jus Semangka,1,minuman
JNE,7,lain_lain
Potong Rambut,7,lain_lain
PASTA,0,makanan
MOBIL ONLINE,2,transportasi
ASURANSI,4,tagihan
Lasagna,0,makanan
PDAM,4,tagihan
Nescafe,1,minuman
Bruschetta,0,makanan
Cukur,7,lain_lain
-Modul*,3,belanja
Kaos,3,belanja
.Cap Cay.,0,makanan
Es Kopi Susu,1,minuman
Top Up FF,5,hiburan
Caramel Macchiato,1,minuman
JNE,7,lain_lain
Baju,3,belanja
-Materai-,7,lain_lain
Teh Mani,1,minuman
Sandal,3,belanja
STEMPEL,7,lain_lain
3xFotokopi,7,lain_lain
.Retribusi Parkir.,2,transportasi
Anteraja,7,lain_lain
Tiket KRL,2,transportasi
vanilla latte,1,minuman
Disney Plus,4,tagihan
GrabBike,2,transportasi
GOOD DAY,1,minuman
crostini,0,makanan
.Baju.,3,belanja
#Milkshake*,1,minuman
Setrika,7,lain_lain
Gorengan,0,makanan
Le Mineral,1,minuman
Cappuccino,1,minuman
Isi Bensin,2,transportasi
@ Kontrakan,4,tagihan
Tiket Masuk,5,hiburan
Es Kelapa Muda,1,minuman
TIKET KERETA,2,transportasi
Minyak Kayu Putih,6,kesehatan
Sewa Kos,4,tagihan
mAoxicilin,6,kesehatan
Stempel,7,lain_lain
Rapid Test,6,kesehatan
Sandal,3,belanja
DETERGEN,3,belanja
DRESS,3,belanja
Transjakarta,2,transportasi
Burger,0,makanan
dokter,6,kesehatan
Patungan,7,lain_lain
Ganti Oli,2,transportasi
Tagihan Air,4,tagihan
Paracetamol,6,kesehatan
Festival,5,hiburan
1xATM,7,lain_lain
Sampo,3,belanja
Badminton,5,hiburan
Biaya Admin,4,tagihan
Damri,2,transportasi
Buk Novel,5,hiburan
Uan Kos,4,tagihan
Parkir,2,transportasi
Tiket ius,2,transportasi
Top Up Genshin,5,hiburan
GoRide,2,transportasi
Kacamata,6,kesehatan
Es Kopi Sus,1,minuman
RT,2,transportasi
LEGALISIR,7,lain_lain
Buku Novel,5,hiburan
Ongkos Kirim,7,lain_lain
Tiket Masuk,5,hiburan
Nasi Goreng,0,makanan
oata Internet,4,tagihan
GoSend,7,lain_lain
Fitness,5,hiburan
Paracetamol,6,kesehatan
GrabBike,2,transportasi
LRT,2,transportasi
#First Media-,4,tagihan
GoCar,2,transportasi
Iuran,4,tagihan
Kebab,0,makanan
Fried Rice,0,makanan
Risol,0,makanan
2xKereta Api,2,transportasi
Chicken Wing,0,makanan
HAZELNUT LATTE,1,minuman
@ Minyak Kayu Putih,6,kesehatan
Taro Latte,1,minuman
rGapeJuice,1,minuman
Kebun Binatang,5,hiburan
GRAPE JUICE,1,minuman
Tiket Konser,5,hiburan
Cukur,7,lain_lain
Tiket Masuk,5,hiburan
Alat Musik,5,hiburan
Tagihan HP,4,tagihan
.Metromini_,2,transportasi
1xMaximCar,2,transportasi
_Ibuprofen#,6,kesehatan
Tisu,3,belanja
Pisang Goreng,0,makanan
3xTeh Susu,1,minuman
Cabut Gigi,6,kesehatan
Kuota Internet,4,tagihan
Lain-lain,7,lain_lain
Badminton,5,hiburan
KRL,2,transportasi
Energen,1,minuman
-Sikat Gigi.,3,belanja
*Angkot_,2,transportasi
Legalisir,7,lain_lain
SALON,7,lain_lain
Calkico,1,minuman
Oolong Tea,1,minuman
Uang Kos,4,tagihan
Kop Mocha,1,minuman
Skincare,3,belanja
Cinepolis,5,hiburan
Smoothie,1,minuman
Futsal,5,hiburan
JNE,7,lain_lain
PAMERAN,5,hiburan
Maka Malam,0,makanan
GrabExpress,7,lain_lain
Top Up Genshin,5,hiburan
Baterai,3,belanja
Cukur,7,lain_lain
Macchiato,1,minuman
BUKU NOVEL,5,hiburan
aqua,1,minuman
GRABCAR,2,transportasi
Hansaplast,6,kesehatan
Vanill Latte,1,minuman
Club Soda,1,minuman
obat sakit kepala,6,kesehatan
Tiket MRT,2,transportasi
Peppermint Tea,1,minuman
Kopi Aren,1,minuman
Obat Flu,6,kesehatan
Cukur,7,lain_lain
Ayam Kremes,0,makanan
iBaya Kos,4,tagihan
Top Up Genshin,5,hiburan
Tart,0,makanan
GoRide,2,transportasi
Kaos,3,belanja
1 Parkir Motor,2,transportasi
Power Bank,3,belanja
Nasi Warteg,0,makanan
Ayam Geprek,0,makanan
Buku Catatan,3,belanja
Obat Sakit Kepala,6,kesehatan
JNE,7,lain_lain
GoRide,2,transportasi
GoSend,7,lain_lain
tol,2,transportasi
Parkir,2,transportasi
UC PUBG,5,hiburan
Obat Flu,6,kesehatan
Jam Tangan,3,belanja
SALON,7,lain_lain
Jilid,7,lain_lain
Angkot,2,transportasi
futsal,5,hiburan
Deodoran,3,belanja
First Media,4,tagihan
Toast,0,makanan
rumah sakit,6,kesehatan
Hazelnut Latte,1,minuman
Top Up Mobile Legends,5,hiburan
_SiCepat_,7,lain_lain
Bowling,5,hiburan
bebek goreng,0,makanan
Buk Catatan,3,belanja
komik,5,hiburan
3xObat Flu,6,kesehatan
2xTaksi Online,2,transportasi
biaya pendaftaran,7,lain_lain
Bayar Listrik,4,tagihan
Softener,3,belanja
1xTokopedia,3,belanja
Dimsum,0,makanan
Obat Batuk,6,kesehatan
Isi Pulsa,4,tagihan
Obat Sakit Kepala,6,kesehatan
Biaya Pendaftaran,7,lain_lain
.Cabut Gigi-,6,kesehatan
Antrwaja,7,lain_lain
Bioskop,5,hiburan
Tahu Goreng,0,makanan
Pasa Gigi,3,belanja
FirstM edia,4,tagihan
Top Up PUBG,5,hiburan
OjekOnline,2,transportasi
kertas hvs,3,belanja
Laundry,7,lain_lain
Nonton Film,5,hiburan
*Shopee*,3,belanja
Kemeja,3,belanja
1 Sabun,3,belanja
1xWiFi,4,tagihan
Spotify,4,tagihan
Sunscreen,3,belanja
Diamond ML,5,hiburan
HOJICHA,1,minuman
Chamomile,1,minuman
Telur Dadar,0,makanan
Pltsa,4,tagihan
servis motor,2,transportasi
Tike Konser,5,hiburan
Anteraja,7,lain_lain
Kereta Api,2,transportasi
Resep Dokter,6,kesehatan
Telur Ceplok,0,makanan
Latte,1,minuman
Mango Drin,1,minuman
GrabBike,2,transportasi
Cinepolis,5,hiburan
Topi,3,belanja
administrasi,4,tagihan
Tike Masuk,5,hiburan
Bioskop,5,hiburan
MaximBike,2,transportasi
#Bayar Listrik-,4,tagihan
Tiket KRL,2,transportasi
Maser,6,kesehatan
Kwetiau,0,makanan
Belanja Online,3,belanja
1xMikrolet,2,transportasi
Flashdisk,3,belanja
Le Mineral,1,minuman
2xBebek Goreng,0,makanan
GrabBike,2,transportasi
Keyboard,3,belanja
JAM TANGAN,3,belanja
Biaya Pendaftaran,7,lain_lain
Buffalo Wing,0,makanan
Mie Ayam,0,makanan
Materai,7,lain_lain
BBM,2,transportasi
Vi@min C,6,kesehatan
obat diare,6,kesehatan
Tiket Pesawat,2,transportasi
Brown Sugar Latte,1,minuman
Cat Akrikik,5,hiburan
Administrasi,4,tagihan
Sampo,3,belanja
_Brown Sugar Latte-,1,minuman
Cappuccino,1,minuman
GoSend,7,lain_lain
Thai Tea,1,minuman
DAMRI,2,transportasi
Commuter Line,2,transportasi
3xTiket Pesawat,2,transportasi
KRL,2,transportasi
_Teh Tarik.,1,minuman
SEPATU,3,belanja
TRANSJAKARTA,2,transportasi
Internet Bulanan,4,tagihan
*SiCepat.,7,lain_lain
Hansaplast,6,kesehatan
Es Dawet,1,minuman
CGV,5,hiburan
.Karaoke#,5,hiburan
GoRide,2,transportasi
Kopi Cappuccin,1,minuman
Fotokopi,7,lain_lain
Tisu,3,belanja
Apple Juice,1,minuman
Scan,7,lain_lain
BBM,2,transportasi
KRL,2,transportasi
#Jus Mangga#,1,minuman
Sate Aya,0,makanan
TM,7,lain_lain
1 Biaya Admin,4,tagihan
2xObat Flu,6,kesehatan
GoSend,7,lain_lain
Bu8,2,transportasi
hazelnut latte,1,minuman
Charger,3,belanja
#Tambal Gigi-,6,kesehatan
Nasi Warteg,0,makanan
Nasi Liwet,0,makanan
Mikrolet,2,transportasi
Tiket Event,5,hiburan
_Pertamax.,2,transportasi
Busway,2,transportasi
orange juice,1,minuman
Yakult,1,minuman
kolam renang,5,hiburan
Earl Grey,1,minuman
Deodoran,3,belanja
Ojek,2,transportasi
Dokte Gigi,6,kesehatan
Rapid Test,6,kesehatan
ES KOPI SUSU,1,minuman
penggaris,3,belanja
KRL,2,transportasi
3xCappuccino,1,minuman
2 Strawberry Drink,1,minuman
Parkegqtro,2,transportasi
Iced Latte,1,minuman
2xBiaya Kos,4,tagihan
Retribusi Parkir,2,transportasi
E-Toll,2,transportasi
Pie,0,makanan
Top Up Genshin,5,hiburan
Steam,5,hiburan
Dokter Gigi,6,kesehatan
Billiard,5,hiburan
Grap Juice,1,minuman
Tempura,0,makanan
#Kopi Aren.,1,minuman
MaximCar,2,transportasi
Dompet,3,belanja
legalisir,7,lain_lain
Servis Motor,2,transportasi
*Earphone.,3,belanja
Donasi,7,lain_lain
Tahu Ikan Oma Giok,0,makanan
Milk Tea,1,minuman
Kacamata,6,kesehatan
Tiket MRT,2,transportasi
3xBihun Goreng,0,makanan
Clpico,1,minuman
Obat Flu,6,kesehatan
LRT,2,transportasi
Ongkir,7,lain_lain
Kebun Binatang,5,hiburan
Flashdisk,3,belanja
Lensa Kontak,6,kesehatan
1xAlat Musik,5,hiburan
Kaos,3,belanja
Mobil Online,2,transportasi
TAS,3,belanja
Jus Jeruk,1,minuman
Taman Bermain,5,hiburan
3xPasta Gigi,3,belanja
Es Matcha,1,minuman
Skincare,3,belanja
2 Top Up FF,5,hiburan
Flashdisk,3,belanja
3xTempura,0,makanan
Obat Sakit Kepala,6,kesehatan
Print,7,lain_lain
Festival,5,hiburan
#JNE-,7,lain_lain
Anteraja,7,lain_lain
_Caramel Latte_,1,minuman
Puskesmas,6,kesehatan
Taksi Online,2,transportasi
Nasi Lifet,0,makanan
2xOjek,2,transportasi
First Media,4,tagihan
2xAnteraja,7,lain_lain
Maakn Mala,0,makanan
Fotokopi,7,lain_lain
Pensil,3,belanja
Penggaris,3,belanja
1xMicrosoft 365,4,tagihan
#Topi-,3,belanja
Teh Manis,1,minuman
pameran,5,hiburan
@ Cabut Gigi,6,kesehatan
Kopi Tubruk,1,minuman
POCARI SWEAT,1,minuman
Kebun Binatang,5,hiburan
Pameran,5,hiburan
ovaltine,1,minuman
Tiket Kereta,2,transportasi
internet bulanan,4,tagihan
Futsal,5,hiburan
BBM,2,transportasi
Forilir,7,lain_lain
Cabut Gigi,6,kesehatan
-Guardian.,6,kesehatan
Konsultasi Dokter,6,kesehatan
Soup,0,makanan
Damri,2,transportasi
KAOS,3,belanja
KERTAS HVS,3,belanja
2xTagihan Air,4,tagihan
Stempel,7,lain_lain
OjekOnline,2,transportasi
Sunscreen,3,belanja
Kuota Internet,4,tagihan
Tiket Bioskop,5,hiburan
-Mikrolet#,2,transportasi
Ayam Bakar,0,makanan
3xHazelnut Latte,1,minuman
Headset,3,belanja
Salon,7,lain_lain
JNT,7,lain_lain
Spotify,4,tagihan
Tomato Soup,0,makanan
To pUp8nUG,5,hiburan
SPBU,2,transportasi
Tenis,5,hiburan
deodoran,3,belanja
Sikat Gigi,3,belanja
Tike Bus,2,transportasi
Ibuprofen,6,kesehatan
Good Day,1,minuman
.Steak_,0,makanan
Chicke Wing,0,makanan
Bowling,5,hiburan
Pudding,0,makanan
first media,4,tagihan
earphone,3,belanja
Obat Sakit Kepala,6,kesehatan
Es Campur,1,minuman
UANG KOS,4,tagihan
fastaGigi,3,belanja
Grab,2,transportasi
Cek Darah,6,kesehatan
Spotify,4,tagihan
Kopi Americano,1,minuman
GOSEND,7,lain_lain
Buku Kuliah,3,belanja
Mouse,3,belanja
Anteraja,7,lain_lain
Gnocchi,0,makanan
Kimia Farma,6,kesehatan
Masker,6,kesehatan
Tiket Pesawat,2,transportasi
_JNE_,7,lain_lain
donut,0,makanan
Dokter,6,kesehatan
Japchae,0,makanan
Nasi Ayam,0,makanan
Alat Musik,5,hiburan
pdam,4,tagihan
Wrap,0,makanan
Buku Nove,5,hiburan
Tiket Kereta,2,transportasi
-Voucher Game-,5,hiburan
Biaya Pendaftaran,7,lain_lain
Skincare,3,belanja
Eclair,0,makanan
Tiket Event,5,hiburan
Ibuprofen,6,kesehatan
Es Campur,1,minuman
Es Campur,1,minuman
Cat Akrilik,5,hiburan
iuran,4,tagihan
internet bulanan,4,tagihan
Formulir,7,lain_lain
Kabel Data,3,belanja
#Biaya Berobat.,6,kesehatan
GANTI OLI,2,transportasi
JNE,7,lain_lain
Tiket KRL,2,transportasi
Fried Noodle,0,makanan
Uang Kos,4,tagihan
Pembalut,3,belanja
Vitamin D,6,kesehatan
Badminton,5,hiburan
top up ff,5,hiburan
Alat Musik,5,hiburan
Tongseng,0,makanan
Parki Motor,2,transportasi
Tiket Bus,2,transportasi
Spring Rol,0,makanan
Mozzarella Stick,0,makanan
parkir motor,2,transportasi
kopi instan,1,minuman
Transjakarta,2,transportasi
iuran,4,tagihan
*Pulsa_,4,tagihan
Ongkir,7,lain_lain
Tokopedia,3,belanja
Tempura,0,makanan
Buku Tulis,3,belanja
Softlens,6,kesehatan
@ Fries,0,makanan
2 Patungan,7,lain_lain
Setrika,7,lain_lain
GoRide,2,transportasi
Parkir,2,transportasi
2xMaximCar,2,transportasi
Antasida,6,kesehatan
modul,3,belanja
Transfer,7,lain_lain
PERTAMAX,2,transportasi
steam,5,hiburan
kemeja,3,belanja
PARFAIT,0,makanan
Celana,3,belanja
Charger,3,belanja
Muffin,0,makanan
1 Nasi Bakar,0,makanan
Obat Diare,6,kesehatan
Resep Dokter,6,kesehatan
Sedekah,7,lain_lain
Celana,3,belanja
Cookie,0,makanan
Chicke Wing,0,makanan
Jajan,7,lain_lain
*Futsal-,5,hiburan
#GoRide*,2,transportasi
Internet Bulanan,4,tagihan
JAKET,3,belanja
Pie,0,makanan
Taman Bermain,5,hiburan
rawon,0,makanan
Pie,0,makanan
ATM,7,lain_lain
Earl Grey,1,minuman
Keyboard,3,belanja
Baju,3,belanja
Jus Jambu,1,minuman
teh tarik,1,minuman
@ Formulir,7,lain_lain
_Kupat Tahu_,0,makanan
Iced Americano,1,minuman
Rumah Sakit,6,kesehatan
Vitamin C,6,kesehatan
1 GrabExpress,7,lain_lain
Lain-lain,7,lain_lain
Frappe,1,minuman
KRL,2,transportasi
Jus Semangka,1,minuman
multivitamin,6,kesehatan
Apotek,6,kesehatan
.Tiket Kereta#,2,transportasi
UDON,0,makanan
Formulir,7,lain_lain
Isi Pulsa,4,tagihan
2 Bubble Tea,1,minuman
_Rapid Test#,6,kesehatan
Makan Siang,0,makanan
Tol,2,transportasi
2 Tiket KRL,2,transportasi
2xCat Akrilik,5,hiburan
Parkir Motor,2,transportasi
Sate Ayam,0,makanan
Paket Hemat,0,makanan
Jajan,7,lain_lain
Kimia Frma,6,kesehatan
Metromini,2,transportasi
OJEKONLINE,2,transportasi
Folder,3,belanja
Takoyaki,0,makanan
Setrika,7,lain_lain
JAJAN,7,lain_lain
Internet Bulana,4,tagihan
#Keyboard#,3,belanja
Tiket Event,5,hiburan
Anteraja,7,lain_lain
MOUSE,3,belanja
CGV,5,hiburan
MapP lastik,3,belanja
Taksi Online,2,transportasi
Mouse,3,belanja
tiket wisata,5,hiburan
vanilla latte,1,minuman
Tiket Konser,5,hiburan
Tiket Konser,5,hiburan
Mouse,3,belanja
Internet Bulanan,4,tagihan
Infaq,7,lain_lain
oSftlenb,6,kesehatan
_Tiket Event#,5,hiburan
Aqua,1,minuman
Tas,3,belanja
keyboard,3,belanja
Jus Alpukat,1,minuman
microsoft 365,4,tagihan
SHOPEE,3,belanja
.Klinik_,6,kesehatan
KRL,2,transportasi
Gym,5,hiburan
Vitamin C,6,kesehatan
Kebab,0,makanan
PDAM,4,tagihan
Bus,2,transportasi
Formulir,7,lain_lain
Tagihan Telepon,4,tagihan
Americano,1,minuman
Nasi Bakar,0,makanan
Powe Bank,3,belanja
Dakgalbi,0,makanan
Spring Roll,0,makanan
Milk Tea,1,minuman
@ Tiket Bioskop,5,hiburan
MaximCar,2,transportasi
Tiket Masuk,5,hiburan
Busway,2,transportasi
iayaT ransfer,7,lain_lain
-Kacamata*,6,kesehatan
Softlens,6,kesehatan
kacamata,3,belanja
Air Mineral,1,minuman
parkir,2,transportasi
Obat Flu,6,kesehatan
Gojek,2,transportasi
2xRumah Sakit,6,kesehatan
Obat Batuk,6,kesehatan
Pertalite,2,transportasi
3xKebun Binatang,5,hiburan
INTERNET BULANAN,4,tagihan
SCAN,7,lain_lain
Konsultasi Dokter,6,kesehatan
Cold Brew,1,minuman
Carpaccio,0,makanan
Orange Juice,1,minuman
JNT,7,lain_lain
Lensa Kontak,6,kesehatan
Makan Siang,0,makanan
Nonton Film,5,hiburan
LRT,2,transportasi
2 Tambal Gigi,6,kesehatan
mocha,1,minuman
1 Kolam Renang,5,hiburan
Salon,7,lain_lain
Iced Latte,1,minuman
Flashdisk,3,belanja
PCR,6,kesehatan
Es Dawet,1,minuman
Minyak Kay Putih,6,kesehatan
3xGanache,0,makanan
.Disney Plus-,4,tagihan
Nonton Film,5,hiburan
Chicen 3ing,0,makanan
Telur Ceplok,0,makanan
internet bulanan,4,tagihan
Cek Darah,6,kesehatan
CGV,5,hiburan
Baterai,3,belanja
Inetreet Bulann,4,tagihan
Top Up FF,5,hiburan
youtube premium,4,tagihan
Fries,0,makanan
Apotek,6,kesehatan
Topi,3,belanja
Mineral Wate,1,minuman
Dokter,6,kesehatan
peach tea,1,minuman
_Galbi-,0,makanan
MaximBike,2,transportasi
COLD BREW,1,minuman
SATE AYAM,0,makanan
JNT,7,lain_lain
Gojek,2,transportasi
Parkir Mobil,2,transportasi
klinik,6,kesehatan
Tiket Event,5,hiburan
Obat Sakit Kepal,6,kesehatan
iBoskop,5,hiburan
Cabut Gigi,6,kesehatan
top up game,5,hiburan
anteraja,7,lain_lain
Bakso,0,makanan
Kopi Latte,1,minuman
Potong Rambut,7,lain_lain
_Kertas HVS_,3,belanja
Iuran,4,tagihan
Cinepolis,5,hiburan
Ayam Kremes,0,makanan
Bayar Kos,4,tagihan
Minera Water,1,minuman
Wrap,0,makanan
Energen,1,minuman
Thai Tea,1,minuman
YouTube Premium,4,tagihan
macchiato,1,minuman
#Air PAM#,4,tagihan
SALON,7,lain_lain
1 Earl Grey,1,minuman
PDAM,4,tagihan
Martabak,0,makanan
SALON,7,lain_lain
Alat Musik,5,hiburan
NETFLIX,4,tagihan
.Grill_,0,makanan
JNT,7,lain_lain
GoCar,2,transportasi
MaximCar,2,transportasi
sepatu,3,belanja
Dedoorna,3,belanja
LRT,2,transportasi
rPetzel,0,makanan
.Flashdisk_,3,belanja
Multivitamin,6,kesehatan
Bruschetta,0,makanan
SCAN,7,lain_lain
gnocchi,0,makanan
Retribus Parkir,2,transportasi
Tiket KRL,2,transportasi
Folder,3,belanja
Ayam Penyet,0,makanan
TAGIHAN LISTRIK,4,tagihan
Transfer,7,lain_lain
BAJU,3,belanja
es kopi susu,1,minuman
1 Burger,0,makanan
Mocha,1,minuman
Lain-lain,7,lain_lain
*Transjakarta_,2,transportasi
Gelang,3,belanja
PinkL mrnade,1,minuman
1xPaket Data,4,tagihan
Tisu,3,belanja
YouTube Premium,4,tagihan
Spotify,4,tagihan
1 Scan,7,lain_lain
cabut gigi,6,kesehatan
Air PAM,4,tagihan
Ganti Oli,2,transportasi
MUSHROOM SOUP,0,makanan
2xTop Up Mobile Legends,5,hiburan
Gojek,2,transportasi
-Isi Pulsa.,4,tagihan
RKL,2,transportasi
Wrap,0,makanan
scan,7,lain_lain
NASI GORENG KAMPUNG,0,makanan
GoRide,2,transportasi
Pocari Swea,1,minuman
Betadine,6,kesehatan
Headset,3,belanja
Biaya Periks,6,kesehatan
Kertas HVS,3,belanja
resep dokter,6,kesehatan
fus Alpukat,1,minuman
Cinepolis,5,hiburan
Betadine,6,kesehatan
Pizza,0,makanan
Top Up FF,5,hiburan
Cappuccino,1,minuman
Klinik,6,kesehatan
Stabilo,3,belanja
ECLAIR,0,makanan
Strudel,0,makanan
_Resep Dokter-,6,kesehatan
1xGelang,3,belanja
#Pasta.,0,makanan
Top Up FF,5,hiburan
Tol,2,transportasi
2xBuku Novel,5,hiburan
*Dakgalbi#,0,makanan
1 Stabilo,3,belanja
Bensin,2,transportasi
#Chicken Wing.,0,makanan
Commuter Line,2,transportasi
Adobe,4,tagihan
Telur Dadar,0,makanan
Texbtook,3,belanja
TagihnaTe lepo,4,tagihan
Es Teh,1,minuman
Caesar Sala,0,makanan
Tiket MRT,2,transportasi
Pertamax,2,transportasi
Pertalite,2,transportasi
2xApotek,6,kesehatan
Mie Goreng,0,makanan
Spotify,4,tagihan
SABUN,3,belanja
Bus,2,transportasi
Guardian,6,kesehatan
Hoodie,3,belanja
Bioskop,5,hiburan
-Suplemen*,6,kesehatan
.Americano-,1,minuman
kertas hvs,3,belanja
Taro Latte,1,minuman
Batagor,0,makanan
Zakat,7,lain_lain
_Ibuprofen.,6,kesehatan
Latte,1,minuman
Cukur,7,lain_lain
Canva Pro,4,tagihan
Boba,1,minuman
TEXTBOOK,3,belanja
e-toll,2,transportasi
Suplemen,6,kesehatan
_Suplemen*,6,kesehatan
Jilid,7,lain_lain
Iced Latte,1,minuman
Pulsa,4,tagihan
Bus,2,transportasi
*Kuota Internet#,4,tagihan
Pasta Gigi,3,belanja
Fotokopi,7,lain_lain
commuter line,2,transportasi
_Keyboard*,3,belanja
Cappuccino,1,minuman
Bayar Kos,4,tagihan
Tagihan Telepon,4,tagihan
Soup,0,makanan
Lain-lan,7,lain_lain
Biaya Berobat,6,kesehatan
Betadine,6,kesehatan
parkir motor,2,transportasi
Laundry,7,lain_lain
Sandwich,0,makanan
Caramel Latte,1,minuman
Es Dawet,1,minuman
Mikrolet,2,transportasi
_Angkot*,2,transportasi
Ric Bowl,0,makanan
Asuransi,4,tagihan
1 Celana,3,belanja
Skincare,3,belanja
skincare,3,belanja
Tteokbokki,0,makanan
TOP UP GAME,5,hiburan
bowling,5,hiburan
Grape Juice,1,minuman
Retribusi Parkir,2,transportasi
TAKSI ONLINE,2,transportasi
Top Up PUBG,5,hiburan
Tike tKefeta,2,transportasi
Gulai,0,makanan
Waffle,0,makanan
First Media,4,tagihan
internet bulanan,4,tagihan
Taksi Online,2,transportasi
2xGrabBike,2,transportasi
Jus Mangga,1,minuman
Keyboard,3,belanja
Masker,6,kesehatan
Tiket Pesawat,2,transportasi
Spring Roll,0,makanan
2 Buku Tulis,3,belanja
.Guardian#,6,kesehatan
@ Amoxicillin,6,kesehatan
Tiket Event,5,hiburan
Bihun Goreng,0,makanan
Sal*d,0,makanan
GrabExpress,7,lain_lain
Tagiha Air,4,tagihan
Administrasi,4,tagihan
Pasta Gigi,3,belanja
Legalisir,7,lain_lain
Tagihan WiFi,4,tagihan
Data Internet,4,tagihan
Sepatu,3,belanja
.Biaya Periksa*,6,kesehatan
BBM,2,transportasi
Alat Musik,5,hiburan
.Grab_,2,transportasi
2 Kebun Binatang,5,hiburan
Modul,3,belanja
Damri,2,transportasi
WiFi,4,tagihan
Es Kopi Susu,1,minuman
aH2saplast,6,kesehatan
Cat Akrilik,5,hiburan
*Bioskop-,5,hiburan
biaya transfer,7,lain_lain
Isi Pulsa,4,tagihan
2xPulsa,4,tagihan
Iced Latte,1,minuman
Sedekah,7,lain_lain
Kimia Farma,6,kesehatan
TAGIHAN AIR,4,tagihan
1 Cinepolis,5,hiburan
Obat Batuk,6,kesehatan
Hansaplast,6,kesehatan
Ob& Sakit Kepala,6,kesehatan
BOBA,1,minuman
mrange Juie,1,minuman
Pulsa,4,tagihan
2 Mobil Online,2,transportasi
Es Campur,1,minuman
Asuransi,4,tagihan
Isi Bensi,2,transportasi
PLN,4,tagihan
*Commuter Line_,2,transportasi
Cardigan,3,belanja
3xCabut Gigi,6,kesehatan
Rumh Sakit,6,kesehatan
Materai,7,lain_lain
Kacamata,3,belanja
Dimsum,0,makanan
@ Bakso,0,makanan
@ Legalisir,7,lain_lain
BPJS Kesehatan,4,tagihan
Tagihan WiFi,4,tagihan
Ongkos Kirim,7,lain_lain
Cabut Gigi,6,kesehatan
Strawberry Drink,1,minuman
_Nasi Goreng-,0,makanan
Commuter Line,2,transportasi
M)cha,1,minuman
ongkos kirim,7,lain_lain
Uang Kos,4,tagihan
Komik,5,hiburan
Macchiato,1,minuman
Tiket KRL,2,transportasi
Siomay,0,makanan
*Club Soda#,1,minuman
_Yakult*,1,minuman
PDAM,4,tagihan
@ Le Mineral,1,minuman
KABEL DATA,3,belanja
Materai,7,lain_lain
grabcar,2,transportasi
Fried Noodle,0,makanan
Cat Akrilik,5,hiburan
@ Kontrakan,4,tagihan
Cat Akrilik,5,hiburan
VOUCHER GAME,5,hiburan
Teh Manis,1,minuman
Ovaltine,1,minuman
Voucher Game,5,hiburan
Lensa Kontak,6,kesehatan
XXI,5,hiburan
3xIuran Kelas,7,lain_lain
Jus Semangka,1,minuman
-Spotify*,4,tagihan
Grape Juice,1,minuman
Obat Batuk,6,kesehatan
Maxim,2,transportasi
INFAQ,7,lain_lain
Pasta Gigi,3,belanja
1 Top Up PUBG,5,hiburan
Token Listrik,4,tagihan
tempe goreng,0,makanan
Ibuprofen,6,kesehatan
2 Pempek,0,makanan
3xBowling,5,hiburan
Potong Rambut,7,lain_lain
Isi Bensin,2,transportasi
Soba,0,makanan
1xBrown Sugar,1,minuman
.Buku Kuliah*,3,belanja
Ongkir,7,lain_lain
Futsal,5,hiburan
GoRide,2,transportasi
uang kos,4,tagihan
Parki Mobil,2,transportasi
Obat Diare,6,kesehatan
Diamond ML,5,hiburan
pancake,0,makanan
Jus Melon,1,minuman
Teh Susu,1,minuman
laundry,7,lain_lain
Pembalut,3,belanja
Blazer,3,belanja
Amoxicillin,6,kesehatan
2xMaxim,2,transportasi
Tiket Event,5,hiburan
Metromini,2,transportasi
Netflix,4,tagihan
Kopi Susu Kolonel,1,minuman
@ Dokter Gigi,6,kesehatan
Kimia Farma,6,kesehatan
Blazer,3,belanja
-Pink Lemonade-,1,minuman
Internet Bulanan,4,tagihan
jajan,7,lain_lain
Hoodie,3,belanja
Salon,7,lain_lain
Sarapan,0,makanan
Dress,3,belanja
tenis,5,hiburan
AirMineral,1,minuman
Legalisir,7,lain_lain
Jilid,7,lain_lain
Top Up PUBG,5,hiburan
.Teh Botol-,1,minuman
Puskesmas,6,kesehatan
Potong Rambut,7,lain_lain
2 Nasi Bebek,0,makanan
Buku Novel,5,hiburan
Dompet,3,belanja
*Pizza Toast#,0,makanan
*Cinepolis*,5,hiburan
Puskesmas,6,kesehatan
Bubble Tea,1,minuman
Dokter,6,kesehatan
Deodoran,3,belanja
2 Ibuprofen,6,kesehatan
Disney Plus,4,tagihan
Amoxicillin,6,kesehatan
3xShopee,3,belanja
Vitamin C,6,kesehatan
Cuci Baju,7,lain_lain
Rok,3,belanja
JNE,7,lain_lain
RETRIBUSI PARKIR,2,transportasi
.Data Internet.,4,tagihan
Clu Sandwich,0,makanan
Maxim,2,transportasi
LemonT e),1,minuman
Kolam Renang,5,hiburan
SPBU,2,transportasi
Gelato,0,makanan
AMERICANO,1,minuman
Vanilla Latte,1,minuman
Penugaris,3,belanja
Kopi Aren,1,minuman
Jam Tangan,3,belanja
.Carpaccio_,0,makanan
TAGIHAN AIR,4,tagihan
Ice Cream,0,makanan
Cold Brew,1,minuman
WiFi,4,tagihan
aTgihan 9iF6,4,tagihan
headset,3,belanja
Gym,5,hiburan
.Bruschetta*,0,makanan
pameran,5,hiburan
Futsal,5,hiburan
Bayar Kos,4,tagihan
Vitamin C,6,kesehatan
*Microsoft 365#,4,tagihan
3xJNT,7,lain_lain
Teh Manis,1,minuman
#PCR#,6,kesehatan
Zakat,7,lain_lain
sicepat,7,lain_lain
Kereta Api,2,transportasi
thai tea,1,minuman
TOP UP GAME,5,hiburan
jnt,7,lain_lain
TOP UP GENSHIN,5,hiburan
2 Nasi Liwet,0,makanan
Tamabl Gigi,6,kesehatan
Masker,6,kesehatan
Pulsa,4,tagihan
Park* Motor,2,transportasi
Vanilla Latte,1,minuman
Lampu,3,belanja
SPBU,2,transportasi
Cuci Baju,7,lain_lain
Materai,7,lain_lain
TIKET WISATA,5,hiburan
Ibuprofen,6,kesehatan
Pameran,5,hiburan
GoSend,7,lain_lain
Ongkir,7,lain_lain
Obat Diare,6,kesehatan
2 IndiHome,4,tagihan
Lemonade,1,minuman
Bubble Tea,1,minuman
CGV,5,hiburan
_Token Listrik#,4,tagihan
Ojek,2,transportasi
MRT,2,transportasi
Fries,0,makanan
Noodle,0,makanan
Potong Rambut,7,lain_lain
Lensa Kontak,6,kesehatan
Lensa Kontak,6,kesehatan
anteraja,7,lain_lain
Modul,3,belanja
Legalisir,7,lain_lain
Kupat Tahu,0,makanan
Detergen,3,belanja
Mie Goreng,0,makanan
1 CGV,5,hiburan
Spidol,3,belanja
Cabut Gigi,6,kesehatan
WAFFLE,0,makanan
GnRide,2,transportasi
PDAM,4,tagihan
Bayar Listrik,4,tagihan
Orange Juice,1,minuman
Biaya Pendaftara,7,lain_lain
-Vitamin C_,6,kesehatan
Kontrakan,4,tagihan
Es Kelapa Muda,1,minuman
Teh Hijau,1,minuman
Jus Melon,1,minuman
Tiket Kereta,2,transportasi
#Biaya Berobat*,6,kesehatan
Tiket Bioskop,5,hiburan
Biaya Transfer,7,lain_lain
#MaximCar_,2,transportasi
Dompet,3,belanja
Air Kelapa,1,minuman
PDAM,4,tagihan
2xAdministrasi,4,tagihan
Cat Akrilik,5,hiburan
MRT,2,transportasi
1xDisney Plus,4,tagihan
Crostini,0,makanan
Zakat,7,lain_lain
Kimia Farma,6,kesehatan
Telur Dadar,0,makanan
Es Cendol,1,minuman
Pisang Goreng,0,makanan
Ikan Baka,0,makanan
JNE,7,lain_lain
Obat Batuk,6,kesehatan
Flashdisk,3,belanja
*Mushroom Soup#,0,makanan
SiCepta,7,lain_lain
ganti oli,2,transportasi
Billiard,5,hiburan
2xTiket Wisata,5,hiburan
.Tiket Wisata#,5,hiburan
Jajan,7,lain_lain
Nasi Padang,0,makanan
parkir,2,transportasi
Bayar Listrik,4,tagihan
jus semangka,1,minuman
Matcha,1,minuman
Token Listrik,4,tagihan
2xTiket KRL,2,transportasi
Puskesmas,6,kesehatan
-Anteraja*,7,lain_lain
Tiket Konser,5,hiburan
Kopi Dalgona,1,minuman
Tahu Tempe,0,makanan
Tagihan Air,4,tagihan
Earphone,3,belanja
Pasta,0,makanan
Bensin,2,transportasi
Jus Semangka,1,minuman
-Iced Latte#,1,minuman
Tokopedia,3,belanja
Buku Kuliah,3,belanja
2xFotokopi,7,lain_lain
Charger,3,belanja
Map Plastik,3,belanja
TAGIHAN LISTRIK,4,tagihan
Badminton,5,hiburan
2 LRT,2,transportasi
MILKSHAKE,1,minuman
Infaq,7,lain_lain
Tiket Konser,5,hiburan
PCR,6,kesehatan
2xTol,2,transportasi
Iuran,4,tagihan
SiCepat,7,lain_lain
%Send,7,lain_lain
-MaximBike*,2,transportasi
Popcorn,0,makanan
Token Listrik,4,tagihan
Setrika,7,lain_lain
Bowling,5,hiburan
GrabExpress,7,lain_lain
Kolam Renang,5,hiburan
Cukur,7,lain_lain
Frappe,1,minuman
Damri,2,transportasi
Blazer,3,belanja
BILLIARD,5,hiburan
wifi,4,tagihan
Bus,2,transportasi
Cold B2ew,1,minuman
Ongkos Kirim,7,lain_lain
Biaya Berobat,6,kesehatan
Teh Susu,1,minuman
Fries,0,makanan
Takoyaki,0,makanan
Kacamata,3,belanja
Setrika,7,lain_lain
TIKET KONSER,5,hiburan
JNT,7,lain_lain
Bensin,2,transportasi
Tiket Bioskop,5,hiburan
Uang Kos,4,tagihan
Ojek,2,transportasi
Obat Diare,6,kesehatan
POCARI SWEAT,1,minuman
tempura,0,makanan
SiCepat,7,lain_lain
Mobil Online,2,transportasi
Pertalite,2,transportasi
KRL,2,transportasi
Hoodie,3,belanja
PLN,4,tagihan
Tlnseng,0,makanan
Pembalut,3,belanja
BIBIMBAP,0,makanan
kopi aren,1,minuman
Obat Batu,6,kesehatan
es teh,1,minuman
SERVIS MOTOR,2,transportasi
Antasida,6,kesehatan
1xIsi Pulsa,4,tagihan
YouTube Premium,4,tagihan
Isi Bensin,2,transportasi
WIFI,4,tagihan
rqnt,7,lain_lain
Caramel Latte,1,minuman
Guadhian,6,kesehatan
laundry,7,lain_lain
Yaklut,1,minuman
Maxim,2,transportasi
Dress,3,belanja
Buku Tulis,3,belanja
Power Bank,3,belanja
Celana,3,belanja
_Fotokopi.,7,lain_lain
Disney Plus,4,tagihan
Angkot,2,transportasi
Brownie,0,makanan
Scan,7,lain_lain
BananahrBead,0,makanan
P&vkir Motor,2,transportasi
2xPLN,4,tagihan
Nasi Putih,0,makanan
uMltvi1amii,6,kesehatan
Rkmah Sakit,6,kesehatan
Good Day,1,minuman
Pretzel,0,makanan
Ongkir,7,lain_lain
#Setrika_,7,lain_lain
GrabBike,2,transportasi
Sandwich,0,makanan
mushroom soup,0,makanan
optify,4,tagihan
Cek Darah,6,kesehatan
Biaya Kos,4,tagihan
Ibuprofen,6,kesehatan
kopi latte,1,minuman
Gnocchi,0,makanan
voucher game,5,hiburan
Sandal,3,belanja
Laundry,7,lain_lain
XXI,5,hiburan
2 Spotify,4,tagihan
Resep Dokter,6,kesehatan
Token Listrik,4,tagihan
Softeenr,3,belanja
Tiket MRT,2,transportasi
Energen,1,minuman
Taman Bermain,5,hiburan
GoSend,7,lain_lain
BAKSO,0,makanan
_Dokter*,6,kesehatan
#Jjajangmyeon#,0,makanan
Folder,3,belanja
VITAMIN D,6,kesehatan
Nescafe,1,minuman
Gree Salad,0,makanan
Bayar Listrik,4,tagihan
2xJNE,7,lain_lain
Mobil Online,2,transportasi
CHIPS,0,makanan
Fried Noodle,0,makanan
RESEP DOKTER,6,kesehatan
INDIHOME,4,tagihan
Telu Dadar,0,makanan
Bulgogi,0,makanan
Iuran Kelas,7,lain_lain
Kacamata,3,belanja
Cap Cay,0,makanan
Dress,3,belanja
Burger,0,makanan
Bulgogi,0,makanan
SiCepat,7,lain_lain
Lasagna,0,makanan
Softener,3,belanja
Sunscreen,3,belanja
Damri,2,transportasi
Laundry,7,lain_lain
KEBUN BINATANG,5,hiburan
Gnocchi,0,makanan
Nonton Film,5,hiburan
Comuter Lnie,2,transportasi
Pertamax,2,transportasi
Transjakarta,2,transportasi
Cardigan,3,belanja
Spotify,4,tagihan
JNE,7,lain_lain
Iuran,4,tagihan
TIKET KRL,2,transportasi
Paracetamol,6,kesehatan
FRAPPE,1,minuman
Ongkos Kirim,7,lain_lain
Bruschetta,0,makanan
MRT,2,transportasi
Damri,2,transportasi
MACCHIATO,1,minuman
Biaya Pendaftaran,7,lain_lain
Bruschetta,0,makanan
SiCepat,7,lain_lain
Diamond ML,5,hiburan
_Brownie*,0,makanan
_PLN.,4,tagihan
-Blazer-,3,belanja
Iuran,4,tagihan
Cabut Gigi,6,kesehatan
UC PUBG,5,hiburan
Detergen,3,belanja
Antasida,6,kesehatan
kertas hvs,3,belanja
Pasta,0,makanan
Lensa Konta,6,kesehatan
MaximCr,2,transportasi
bulgogi,0,makanan
Caesa Salad,0,makanan
Mang Drink,1,minuman
Bensin,2,transportasi
Es Buah,1,minuman
GrabExpress,7,lain_lain
ketoprak,0,makanan
dokter,6,kesehatan
Takoyaki,0,makanan
buku kuliah,3,belanja
2xCold Brew,1,minuman
Laundry,7,lain_lain
Apotek,6,kesehatan
Celana,3,belanja
Tart,0,makanan
TOP UP GAME,5,hiburan
DOKTER GIGI,6,kesehatan
Netflix,4,tagihan
Biaya Pendaftaran,7,lain_lain
Futsal,5,hiburan
MaximCar,2,transportasi
Tempe Goreng,0,makanan
Disney Plus,4,tagihan
Nasi Goreng,0,makanan
Jam Tangan,3,belanja
1 Kopi Gula Aren,1,minuman
SPBU,2,transportasi
#Bus_,2,transportasi
2xToken Listrik,4,tagihan
cuci baju,7,lain_lain
Sandwich,0,makanan
Kopi Instan,1,minuman
Tahu Tempe,0,makanan
Es Kopi Susu,1,minuman
2xSate Ayam,0,makanan
Cuci Baju,7,lain_lain
Tiket Wisata,5,hiburan
_Administrasi#,4,tagihan
Tiket Bioskop,5,hiburan
Alat Musik,5,hiburan
UC PUBG,5,hiburan
Apotek,6,kesehatan
Poton Rambut,7,lain_lain
-Ikat Pinggang-,3,belanja
2 Potong Rambut,7,lain_lain
Infaq,7,lain_lain
Tteokbokki,0,makanan
Buku Tulis,3,belanja
Tiket KRL,2,transportasi
Stabilo,3,belanja
tisu,3,belanja
Kopi Americano,1,minuman
Espresso,1,minuman
Resep Dokter,6,kesehatan
penggaris,3,belanja
GoRide,2,transportasi
BPJ Kesehatan,4,tagihan
Ganti Oli,2,transportasi
Multivitamin,6,kesehatan
Cinepolis,5,hiburan
Tiket MRT,2,transportasi
Bayar Kos,4,tagihan
Jili,7,lain_lain
Busway,2,transportasi
Tiket MRT,2,transportasi
1 Hansaplast,6,kesehatan
Jilid,7,lain_lain
Charger,3,belanja
Guardian,6,kesehatan
Sewa Kos,4,tagihan
@ Wahana,5,hiburan
Biaya Kos,4,tagihan
1 Transfer,7,lain_lain
Espresso,1,minuman
Konsultasi Dokter,6,kesehatan
Nonton Film,5,hiburan
Setrika,7,lain_lain
3xTagihan WiFi,4,tagihan
Materai,7,lain_lain
Transjakarta,2,transportasi
Kereta Api,2,transportasi
Tagihan WiFi,4,tagihan
MaximBike,2,transportasi
Tiket Masuk,5,hiburan
Festival,5,hiburan
Alat Musik,5,hiburan
Taksi Online,2,transportasi
Taman Bermain,5,hiburan
Sewa Kos,4,tagihan
Guaridan,6,kesehatan
Caramel achiato,1,minuman
TM,7,lain_lain
Vitamin D,6,kesehatan
.Peppermint Tea_,1,minuman
zMB,2,transportasi
Tiket Masuk,5,hiburan
tagihan air,4,tagihan
TIKET BIOSKOP,5,hiburan
STEMPEL,7,lain_lain
baterai,3,belanja
Ramen,0,makanan
UC PUBG,5,hiburan
1 Makan Malam,0,makanan
.OjekOnline-,2,transportasi
Textbook,3,belanja
setrika,7,lain_lain
1 Pasta Gigi,3,belanja
3xBLT,0,makanan
Uang Kos,4,tagihan
.Ramune*,1,minuman
Biaya Kos,4,tagihan
Formulir,7,lain_lain
Club Soda,1,minuman
1 Cuci Baju,7,lain_lain
2 PCR,6,kesehatan
Charger,3,belanja
Bihun Goreng,0,makanan
Tiket Bus,2,transportasi
Textbook,3,belanja
PARKIR MOTOR,2,transportasi
FUTSAL,5,hiburan
Tiket Bus,2,transportasi
Commuter Line,2,transportasi
Transjakarta,2,transportasi
Anteraja,7,lain_lain
Slaon,7,lain_lain
Bayar Kos,4,tagihan
.Ongkir.,7,lain_lain
Futsal,5,hiburan
Scan,7,lain_lain
KRL,2,transportasi
Air PAM,4,tagihan
Kopi Susu Kolonll,1,minuman
Pens(l,3,belanja
-Tagihan Telepon*,4,tagihan
Bayar Listrik,4,tagihan
Pulsa,4,tagihan
Pensil,3,belanja
Charger,3,belanja
Anteraja,7,lain_lain
PLN,4,tagihan
Peppermint Tea,1,minuman
Teh Tarik,1,minuman
Pertamxa,2,transportasi
LAB KESEHATAN,6,kesehatan
JNT,7,lain_lain
OJEK,2,transportasi
Kopi Tubruk,1,minuman
Parkir Mobil,2,transportasi
Badminton,5,hiburan
Commuter Line,2,transportasi
Swdekah,7,lain_lain
Data Internet,4,tagihan
Amoxicillin,6,kesehatan
Ganache,0,makanan
ANTERAJA,7,lain_lain
Spilo,3,belanja
Latte,1,minuman
Buku Nove,5,hiburan
Vitamin C,6,kesehatan
Cold Brew,1,minuman
Chocolate Cake,0,makanan
Microsoft 365,4,tagihan
Disney Plus,4,tagihan
*Hojicha-,1,minuman
Angkot,2,transportasi
Parkir,2,transportasi
Deooran,3,belanja
Shopee,3,belanja
.Tagihan Air-,4,tagihan
-CGV.,5,hiburan
Deodoran,3,belanja
.Lab Kesehatan*,6,kesehatan
Grape Juice,1,minuman
Biaya Berobat,6,kesehatan
Steam,5,hiburan
JUS ALPUKAT,1,minuman
2xSkincare,3,belanja
Hansaplast,6,kesehatan
Cappuccino,1,minuman
Pudding,0,makanan
Canva Pro,4,tagihan
Ikat Pinggang,3,belanja
Buku Novel,5,hiburan
nasi bebek,0,makanan
Ayam Kremes,0,makanan
Tisu,3,belanja
Top Up FF,5,hiburan
Vanilla Latte,1,minuman
Es Cendo,1,minuman
Biaya Periksa,6,kesehatan
Pocari Sweat,1,minuman
Kopi Dalgona,1,minuman
Celana,3,belanja
Poton Rambut,7,lain_lain
Amoxicillin,6,kesehatan
Kemeja,3,belanja
Mouse,3,belanja
1xNonton Film,5,hiburan
Tagihan WiFi,4,tagihan
-Maxim*,2,transportasi
tiramisu,0,makanan
Karaoke,5,hiburan
Nasi Padang,0,makanan
Disney Plus,4,tagihan
Es Dawet,1,minuman
Soto,0,makanan
Jus Alpukat,1,minuman
Guardian,6,kesehatan
Festival,5,hiburan
Ganti Oli,2,transportasi
TOP UP MOBILE LEGENDS,5,hiburan
Makan Siang,0,makanan
.WiFi-,4,tagihan
Bowling,5,hiburan
Top Up PUBG,5,hiburan
AIR KELAPA,1,minuman
Administrasi,4,tagihan
.Badminton#,5,hiburan
BUS,2,transportasi
Nasi Bakar,0,makanan
Chicken Wing,0,makanan
BILLIARD,5,hiburan
CUKUR,7,lain_lain
Top Up FF,5,hiburan
Tiket Wisata,5,hiburan
Biaya Admin,4,tagihan
Diamond ML,5,hiburan
Parfait,0,makanan
JJAJANGMYEON,0,makanan
DISNEY PLUS,4,tagihan
PLN,4,tagihan
dokter gigi,6,kesehatan
Gym,5,hiburan
Mouse,3,belanja
Amoxicillin,6,kesehatan
Chicken Wing,0,makanan
2 Crepe,0,makanan
Infaq,7,lain_lain
.Suplemen.,6,kesehatan
Mango Drink,1,minuman
Servis Motor,2,transportasi
GoSend,7,lain_lain
Sandwich,0,makanan
Uang Kos,4,tagihan
Onion Ring,0,makanan
Tol,2,transportasi
Tiket Bioskop,5,hiburan
*Obat Diare_,6,kesehatan
jilid,7,lain_lain
YouTube Premium,4,tagihan
Tiket Event,5,hiburan
parkir,2,transportasi
Parkir Motor,2,transportasi
Disney Plus,4,tagihan
Anteraja,7,lain_lain
#Folder-,3,belanja
Martabak,0,makanan
BOWLING,5,hiburan
Shopee,3,belanja
Donasi,7,lain_lain
YouTube Premium,4,tagihan
Tiket Bioskop,5,hiburan
Map Plastik,3,belanja
Gojek,2,transportasi
Asuransi,4,tagihan
BBM,2,transportasi
BAYAR KOS,4,tagihan
Pket Data,4,tagihan
Pasta Gigi,3,belanja
Sika Gigi,3,belanja
#Sepatu_,3,belanja
FRAPPE,1,minuman
Caramel Latte,1,minuman
Per(ax,2,transportasi
Sabun,3,belanja
Cat Akrilik,5,hiburan
Cabut Gigi,6,kesehatan
3xIkan Bakar,0,makanan
Pink Lemonade,1,minuman
Cek Darah,6,kesehatan
Boba,1,minuman
Pocari Sweat,1,minuman
Apple Music,4,tagihan
festival,5,hiburan
Billiard,5,hiburan
Sparkling Water,1,minuman
3xTiket Konser,5,hiburan
Tikt KRL,2,transportasi
*Biaya Pendaftaran#,7,lain_lain
SPBU,2,transportasi
KOPI AMERICANO,1,minuman
Stabilo,3,belanja
LEGALISIR,7,lain_lain
Pensil,3,belanja
Setrika,7,lain_lain
TOP UP GENSHIN,5,hiburan
Multivitamin,6,kesehatan
Jus Semangka,1,minuman
Pensil,3,belanja
Biaya Kos,4,tagihan
Sikat Gigi,3,belanja
Kimia Farma,6,kesehatan
SiCepat,7,lain_lain
Rapi dT&st,6,kesehatan
Bayar Kos,4,tagihan
Celana,3,belanja
Nasi Pecel,0,makanan
UC PUBG,5,hiburan
_Klinik.,6,kesehatan
Jilid,7,lain_lain
E-Tol,2,transportasi
Nas Goreng Seafood,0,makanan
Cat Akrili,5,hiburan
Gado-Gado,0,makanan
Softener,3,belanja
Voucher Game,5,hiburan
Setrika,7,lain_lain
Makan Siang,0,makanan
Ikan Baka,0,makanan
Bayar Kos,4,tagihan
1 Mikrolet,2,transportasi
Lychee Drink,1,minuman
BIAYA KOS,4,tagihan
Powe Bank,3,belanja
-Sandal.,3,belanja
Vitamin C,6,kesehatan
Commuter Line,2,transportasi
Bihu noreng,0,makanan
Fitness,5,hiburan
MOUSE,3,belanja
Kopi Susu Kolonel,1,minuman
Top Up PUBG,5,hiburan
GrabEpress,7,lain_lain
Mouse,3,belanja
Pulsa,4,tagihan
@ Tagihan Listrik,4,tagihan
Retribusi Parkir,2,transportasi
Milkshake,1,minuman
Caramel Macchiato,1,minuman
administrasi,4,tagihan
Data Internet,4,tagihan
Cat Akrili,5,hiburan
Kebab,0,makanan
hazelnut latte,1,minuman
BUKU CATATAN,3,belanja
Suplemen,6,kesehatan
AYAM GEPREK,0,makanan
CGV,5,hiburan
JNE,7,lain_lain
Masker,6,kesehatan
Bruschetta,0,makanan
ASURANSI,4,tagihan
Soto,0,makanan
Rice Bow,0,makanan
Anteraja,7,lain_lain
1xCommuter Line,2,transportasi
Voucher Game,5,hiburan
Taro Latte,1,minuman
Tol,2,transportasi
Lemon Tea,1,minuman
Es Dawet,1,minuman
VANILLA LATTE,1,minuman
-Netflix.,4,tagihan
Milk Tea,1,minuman
Tiket Pesawat,2,transportasi
Nasi Goreng Seafood,0,makanan
Top Up FF,5,hiburan
2xPCR,6,kesehatan
Tagihan Air,4,tagihan
Suplemen,6,kesehatan
Pameran,5,hiburan
AYAM PENYET,0,makanan
Karaoke,5,hiburan
Ayam Kremes,0,makanan
Ivran Orgaisnasi,7,lain_lain
SiCepat,7,lain_lain
GRABEXPRESS,7,lain_lain
@ Komik,5,hiburan
Sparkling Water,1,minuman
Cappuccino,1,minuman
Bowling,5,hiburan
Cukur,7,lain_lain
Guardian,6,kesehatan
BBQ Chicken,0,makanan
Isi Bensin,2,transportasi
Jilid,7,lain_lain
Bowling,5,hiburan
Kebon Binatang,5,hiburan
1 Kertas HVS,3,belanja
Cukur,7,lain_lain
Ongkir,7,lain_lain
Commuter Line,2,transportasi
obat maag,6,kesehatan
Kimbap,0,makanan
PDAM,4,tagihan
*Spotify.,4,tagihan
Pulpen,3,belanja
Good Day,1,minuman
Canva Pro,4,tagihan
BIAYA PENDAFTARAN,7,lain_lain
teh hijau,1,minuman
Tiket Masuk,5,hiburan
Hoodie,3,belanja
Tiket Masuk,5,hiburan
1xVoucher Game,5,hiburan
Tagihan HP,4,tagihan
Minyak Kayu Putih,6,kesehatan
BPJS Kesehatan,4,tagihan
Towp Game,5,hiburan
Cek Darah,6,kesehatan
#Antasida-,6,kesehatan
Sunscreen,3,belanja
Kop iEspresso,1,minuman
Tagihan Listrik,4,tagihan
BOWLING,5,hiburan
Air PAM,4,tagihan
_Crepe-,0,makanan
Tagihan Listrik,4,tagihan
Roti Bakar,0,makanan
Infaq,7,lain_lain
Retribusi Parkir,2,transportasi
Fitness,5,hiburan
Iuran,4,tagihan
Penggaris,3,belanja
Administrasi,4,tagihan
GoRide,2,transportasi
nAtasida,6,kesehatan
Apple Music,4,tagihan
1 Iuran Kelas,7,lain_lain
.Chicken Wing*,0,makanan
Grill,0,makanan
3xPulpen,3,belanja
CARAMEL LATTE,1,minuman
Lemon Tea,1,minuman
Iced Latte,1,minuman
3xFlashdisk,3,belanja
GRILL,0,makanan
ISI PULSA,4,tagihan
LRT,2,transportasi
Makan Siang,0,makanan
JNE,7,lain_lain
.Fried Rice#,0,makanan
3xCold Brew,1,minuman
kabel data,3,belanja
Lemon Tea,1,minuman
Kacamata,6,kesehatan
Calpico,1,minuman
JNT,7,lain_lain
OjekOnine,2,transportasi
T7sv,3,belanja
Pocari Sweat,1,minuman
Pertalite,2,transportasi
Kopi Susu,1,minuman
Token Listrik,4,tagihan
Internet Bulanan,4,tagihan
Parkir,2,transportasi
_Softener.,3,belanja
2 Sandal,3,belanja
Brown Sugar,1,minuman
Futsal,5,hiburan
buku kuliah,3,belanja
InidHome,4,tagihan
Tagihan Listrik,4,tagihan
Ti%etiMasu,5,hiburan
Mozzarella Stick,0,makanan
Obat Maag,6,kesehatan
MRT,2,transportasi
Sparkling Water,1,minuman
#Karaoke#,5,hiburan
Frappe,1,minuman
Mango Drink,1,minuman
Kopi apuccino,1,minuman
Bowling,5,hiburan
Mobil Online,2,transportasi
Servis Motor,2,transportasi
mikrolet,2,transportasi
Sewa Kos,4,tagihan
Onion Ring,0,makanan
Calpico,1,minuman
Makan Sian,0,makanan
Jus Alpukat,1,minuman
Teh Mani,1,minuman
2xTagihan Air,4,tagihan
*Bioskop-,5,hiburan
Adinsitrasi,4,tagihan
Biaya Periksa,6,kesehatan
Tagihan Listrik,4,tagihan
nonton film,5,hiburan
@ Ayam Penyet,0,makanan
Tiket Wisata,5,hiburan
Data Internet,4,tagihan
Sika Gigi,3,belanja
Tiket Pesawat,2,transportasi
kemeja,3,belanja
Topi,3,belanja
Dokter,6,kesehatan
ASURANSI,4,tagihan
Kacamata,6,kesehatan
Tiket Bus,2,transportasi
LRT,2,transportasi
Cinepolis,5,hiburan
Nonton Film,5,hiburan
tiramisu,0,makanan
JNE,7,lain_lain
-Nasi Pecel.,0,makanan
Steam,5,hiburan
Commuter Line,2,transportasi
Pameran,5,hiburan
.Lab Kesehatan.,6,kesehatan
sandwich,0,makanan
Iced Latte,1,minuman
transfer,7,lain_lain
Steak,0,makanan
bihun goreng,0,makanan
Cek Darah,6,kesehatan
Smoothie,1,minuman
Obat Diare,6,kesehatan
Grape Juice,1,minuman
Billiard,5,hiburan
obat flu,6,kesehatan
Nescafe,1,minuman
Fried Noodle,0,makanan
1xBPJS Kesehatan,4,tagihan
Tiket Kereta,2,transportasi
Diamond ML,5,hiburan
Asuransi,4,tagihan
Fries,0,makanan
GrabExpress,7,lain_lain
JNT,7,lain_lain
Headset,3,belanja
Jilid,7,lain_lain
Bulgogi,0,makanan
Vitamin C,6,kesehatan
_Flashdisk*,3,belanja
1xKopi Tubruk,1,minuman
Tike KRL,2,transportasi
Ketoprak,0,makanan
fries,0,makanan
#Tagihan Telepon-,4,tagihan
Gnocchi,0,makanan
Matcha Latte,1,minuman
Pulsa,4,tagihan
*Mobil Online*,2,transportasi
Jus Jambu,1,minuman
Amoxicillin,6,kesehatan
Pulsa,4,tagihan
Lemon Tea,1,minuman
Kacamata,3,belanja
MaximCar,2,transportasi
Kebun Binatang,5,hiburan
Alat Musik,5,hiburan
Tiket Pesawat,2,transportasi
1xVitamin D,6,kesehatan
Sewa Kos,4,tagihan
PDAM,4,tagihan
Nasi Liwet,0,makanan
BIAYA PERIKSA,6,kesehatan
Buku Catatan,3,belanja
1xKebun Binatang,5,hiburan
Ganti Oli,2,transportasi
Firs Media,4,tagihan
Tagihan Telepon,4,tagihan
Cek Darah,6,kesehatan
LRT,2,transportasi
Fotokopi,7,lain_lain
Puskesmas,6,kesehatan
Dokter Gig,6,kesehatan
Pulpen,3,belanja
Iuran Organisasi,7,lain_lain
kebun binatang,5,hiburan
Kopi Cappuccino,1,minuman
Klinik,6,kesehatan
Apotek,6,kesehatan
1 Ongkos Kirim,7,lain_lain
Roti Bakar,0,makanan
Tike Pesawat,2,transportasi
Jus Semangka,1,minuman
Kacamata,6,kesehatan
Anteraja,7,lain_lain
#Tiket Wisata*,5,hiburan
RAMUNE,1,minuman
Sewa Kos,4,tagihan
power bank,3,belanja
banana bread,0,makanan
Tiket Masuk,5,hiburan
Apple Music,4,tagihan
Resep Dokter,6,kesehatan
PDAM,4,tagihan
Patungan,7,lain_lain
Sikat Gigi,3,belanja
CAT AKRILIK,5,hiburan
Kimia Farma,6,kesehatan
xxi,5,hiburan
Iuran,4,tagihan
tas,3,belanja
Patungan,7,lain_lain
Tisu,3,belanja
Biaya Pendaftara,7,lain_lain
Top Up Genshin,5,hiburan
Print,7,lain_lain
1 Deodoran,3,belanja
Anteraja,7,lain_lain
Suplemen,6,kesehatan
MICROSOFT 365,4,tagihan
CARDIGAN,3,belanja
Modul,3,belanja
WiFi,4,tagihan
Hoodie,3,belanja
.Detergen.,3,belanja
#Rapid Test#,6,kesehatan
Angkot,2,transportasi
_Grab*,2,transportasi
Tiket Wisata,5,hiburan
_Spotify-,4,tagihan
paket data,4,tagihan
Kebun Binatang,5,hiburan
Nugget,0,makanan
Oolong Tea,1,minuman
print,7,lain_lain
Bowling,5,hiburan
Bensin,2,transportasi
2xBBM,2,transportasi
Setrika,7,lain_lain
Nonton Film,5,hiburan
Pulpen,3,belanja
Topi,3,belanja
MRT,2,transportasi
_Karaoke_,5,hiburan
sicepat,7,lain_lain
CANVA PRO,4,tagihan
Kopi Susu,1,minuman
Microsoft 365,4,tagihan
Formulir,7,lain_lain
Air PAM,4,tagihan
Kontrakan,4,tagihan
Buku Tulis,3,belanja
Flashdisk,3,belanja
Multivitamin,6,kesehatan
Pasta,0,makanan
Gelang,3,belanja
Lavender Latte,1,minuman
Apotek,6,kesehatan
Soup,0,makanan
Kacamata,3,belanja
Kemeja,3,belanja
Suplemen,6,kesehatan
Obat Batuk,6,kesehatan
tiket krl,2,transportasi
WiFi,4,tagihan
SOFTLENS,6,kesehatan
-Retribusi Parkir*,2,transportasi
Festival,5,hiburan
Potong Rambu,7,lain_lain
Laundry,7,lain_lain
Sate Ayam,0,makanan
Cardigan,3,belanja
Materai,7,lain_lain
Vitamin C,6,kesehatan
@ Sikat Gigi,3,belanja
TARO LATTE,1,minuman
French Toast,0,makanan
Cabut Gigi,6,kesehatan
Data Internet,4,tagihan
*Tteokbokki#,0,makanan
1xBrown Sugar,1,minuman
Topi,3,belanja
*YouTube Premium_,4,tagihan
Klinik,6,kesehatan
Asurasin,4,tagihan
wc Cream,0,makanan
BBM,2,transportasi
.Betadine.,6,kesehatan
*Nonton Film-,5,hiburan
Biaya Berobat,6,kesehatan
Diamond ML,5,hiburan
PLN,4,tagihan
Top Up PUBG,5,hiburan
Pembalut,3,belanja
_Scan*,7,lain_lain
Pasta,0,makanan
Jam Tangan,3,belanja
Obat Flu,6,kesehatan
KRL,2,transportasi
Obat Saki Kepala,6,kesehatan
GoSend,7,lain_lain
Belanja Online,3,belanja
Vitamin C,6,kesehatan
1xKacamata,3,belanja
Kimbap,0,makanan
-Makan Siang_,0,makanan
Kolam Renang,5,hiburan
WiFi,4,tagihan
Kereta Api,2,transportasi
SiCepat,7,lain_lain
Red Velvet,0,makanan
Bus,2,transportasi
Uang Kos,4,tagihan
Print,7,lain_lain
-Iuran Organisasi-,7,lain_lain
Milk Tea,1,minuman
Nasi Box,0,makanan
Mikrolet,2,transportasi
Disney Plus,4,tagihan
Cek Darah,6,kesehatan
tiket pesawat,2,transportasi
Formulir,7,lain_lain
Metromini,2,transportasi
Teh Tarik,1,minuman
Kereta Api,2,transportasi
Buku Novel,5,hiburan
nasi warteg,0,makanan
Modul,3,belanja
Kabel Data,3,belanja
Tiket Event,5,hiburan
PASTA GIGI,3,belanja
Scan,7,lain_lain
Servis Motor,2,transportasi
3xIndiHome,4,tagihan
Top Up FF,5,hiburan
Hazelnut Latte,1,minuman
Pasta,0,makanan
Disney Plu,4,tagihan
GrabBike,2,transportasi
2 Lampu,3,belanja
1 Setrika,7,lain_lain
Nasi Padang,0,makanan
Gelang,3,belanja
Sweater,3,belanja
CUCI BAJU,7,lain_lain
Skincare,3,belanja
KRL,2,transportasi
Buku Catatan,3,belanja
Multivitamin,6,kesehatan
Makan Siang,0,makanan
KEBUN BINATANG,5,hiburan
Kuota Interne,4,tagihan
Biaya Pendaftaran,7,lain_lain
Obat Batuk,6,kesehatan
YouTube Premium,4,tagihan
Print,7,lain_lain
Obat Sakit Kepala,6,kesehatan
OBAT BATUK,6,kesehatan
Ongkos Kirim,7,lain_lain
Kopi Susu Kolonel,1,minuman
Taksi Online,2,transportasi
Ice Cream,0,makanan
1 Netflix,4,tagihan
Hansaplast,6,kesehatan
Tas,3,belanja
*Sweater.,3,belanja
Penggaris,3,belanja
Cappuccino,1,minuman
Obat Maag,6,kesehatan
smoothie,1,minuman
Nasi Goreng Kampung,0,makanan
Noodle,0,makanan
POWER BANK,3,belanja
Vitamin D,6,kesehatan
Es Dawet,1,minuman
Kopi Hitam,1,minuman
XXI,5,hiburan
_Maxim*,2,transportasi
Dat Internet,4,tagihan
Biaya Pendaftaran,7,lain_lain
lain-lain,7,lain_lain
Iuran,4,tagihan
Amoxicillin,6,kesehatan
Billiard,5,hiburan
OjekOnline,2,transportasi
3xBadminton,5,hiburan
Donasi,7,lain_lain
#Belanja Online#,3,belanja
Puskesmas,6,kesehatan
Pink Lemonade,1,minuman
Jus Alpukat,1,minuman
Cireng,0,makanan
Wrap,0,makanan
Pulsa,4,tagihan
DPAM,4,tagihan
.Tas*,3,belanja
Bayar Kos,4,tagihan
PSU,2,transportasi
Resep Dokter,6,kesehatan
Isi Pulsa,4,tagihan
Pembalut,3,belanja
Potong Rambut,7,lain_lain
Iuran Kelas,7,lain_lain
Nasi Goreng,0,makanan
SOTO,0,makanan
Nonton Film,5,hiburan
-Stabilo-,3,belanja
Nasi Bakar,0,makanan
Top Up Mobile Legends,5,hiburan
Zakat,7,lain_lain
Dokter,6,kesehatan
Deodoran,3,belanja
2xBiaya Admin,4,tagihan
Dumpling,0,makanan
3xJus Semangka,1,minuman
Teh Botol,1,minuman
.Nasi Uduk.,0,makanan
Cabu Gigi,6,kesehatan
kolam renang,5,hiburan
Sandwich,0,makanan
3xWahana,5,hiburan
Brownie,0,makanan
1 Sedekah,7,lain_lain
2xFormulir,7,lain_lain
WiFi,4,tagihan
_Festival.,5,hiburan
Teh Hijau,1,minuman
Tiket Kereta,2,transportasi
Disney Plus,4,tagihan
Noodle,0,makanan
Pertamax,2,transportasi
Spotify,4,tagihan
Sedekah,7,lain_lain
Softlens,6,kesehatan
CUCI BAJU,7,lain_lain
Strudel,0,makanan
2xBubble Tea,1,minuman
Kimia Farma,6,kesehatan
4ensil,3,belanja
Tas,3,belanja
ATM,7,lain_lain
Token Listrik,4,tagihan
Cuci Baju,7,lain_lain
_Kopi Americano*,1,minuman
Kopi Susu Kolonel,1,minuman
top up pubg,5,hiburan
Tokopedia,3,belanja
Karaoke,5,hiburan
Kuota Internet,4,tagihan
Scan,7,lain_lain
3xKuota Internet,4,tagihan
-Retribusi Parkir_,2,transportasi
Lensa Kontak,6,kesehatan
*Vanilla Latte*,1,minuman
Air PAM,4,tagihan
Celana,3,belanja
Top p Gesnhin,5,hiburan
Tiket Event,5,hiburan
2xDimsum,0,makanan
MRT,2,transportasi
jaket,3,belanja
Lensa Kontak,6,kesehatan
KRL,2,transportasi
Gcnti Oli,2,transportasi
Biaya Pendaftaran,7,lain_lain
Thai Tea,1,minuman
Puskesmas,6,kesehatan
Ramen,0,makanan
Greek Salad,0,makanan
Lab Kesehatan,6,kesehatan
Internet Bulanan,4,tagihan
3xObat Flu,6,kesehatan
Nasi Bakar,0,makanan
Energen,1,minuman
TEXTBOOK,3,belanja
Tiket KRL,2,transportasi
Sunscreen,3,belanja
Baterai,3,belanja
Macchiato,1,minuman
Bowling,5,hiburan
Retribusi Parki,2,transportasi
Sewa Kos,4,tagihan
Internet Bulanan,4,tagihan
*Keyboard.,3,belanja
Angkot,2,transportasi
kaos,3,belanja
UC PUB,5,hiburan
3xJilid,7,lain_lain
Kereta Api,2,transportasi
Token Listrik,4,tagihan
Tiram(,0,makanan
chamomile,1,minuman
Fitness,5,hiburan
Ongkos Kirim,7,lain_lain
Top Up Game,5,hiburan
Jus Melon,1,minuman
Ongkos Kirim,7,lain_lain
GOCAR,2,transportasi
.Buku Novel_,5,hiburan
Tisu,3,belanja
Iuran,4,tagihan
-Power Bank#,3,belanja
_Wonton*,0,makanan
Tiket Konser,5,hiburan
Buku Novel,5,hiburan
Mikrolet,2,transportasi
Pertalite,2,transportasi
Tket MRT,2,transportasi
Diamond ML,5,hiburan
LRT,2,transportasi
festival,5,hiburan
Jam Tangan,3,belanja
Tiket Wisata,5,hiburan
Apple Juice,1,minuman
_Kontrakan-,4,tagihan
Zakat,7,lain_lain
#Earl Grey#,1,minuman
JNE,7,lain_lain
PCR,6,kesehatan
#Fitness.,5,hiburan
Kopi Espresso,1,minuman
Obat Maag,6,kesehatan
Sarapan,0,makanan
APPLE JUICE,1,minuman
Gelang,3,belanja
Biaya Transfer,7,lain_lain
@ Cat Akrilik,5,hiburan
Biaya Admin,4,tagihan
Obat Batuk,6,kesehatan
Oranye Juice,1,minuman
Mango Drink,1,minuman
biaya berobat,6,kesehatan
Antasida,6,kesehatan
LRT,2,transportasi
Bayar Listrik,4,tagihan
Ikan Bakra,0,makanan
Es Kelapa Muda,1,minuman
*Klinik*,6,kesehatan
Sandwich,0,makanan
busway,2,transportasi
GrabBike,2,transportasi
DAKGALBI,0,makanan
iuran kelas,7,lain_lain
Sandal,3,belanja
ATM,7,lain_lain
JUS SEMANGKA,1,minuman
GabExpress,7,lain_lain
Tisu,3,belanja
Tenis,5,hiburan
1xObat Batuk,6,kesehatan
Topi,3,belanja
Cinepolis,5,hiburan
Jaket,3,belanja
Tambal Gigi,6,kesehatan
Apple Juice,1,minuman
Tisu,3,belanja
Futsal,5,hiburan
IURAN ORGANISASI,7,lain_lain
Iuran Organisasi,7,lain_lain
Headset,3,belanja
#Kopi Cappuccino#,1,minuman
Data Internet,4,tagihan
Biaya Periksa,6,kesehatan
Karaoke,5,hiburan
Club Soda,1,minuman
Commuter Line,2,transportasi
apotek,6,kesehatan
Penggaris,3,belanja
-Cukur#,7,lain_lain
laundry,7,lain_lain
Badminton,5,hiburan
Pameran,5,hiburan
Dami,2,transportasi
Banana Bread,0,makanan
Hansaplast,6,kesehatan
steam,5,hiburan
Rapid Test,6,kesehatan
2xATM,7,lain_lain
Milkshake,1,minuman
Makan Malam,0,makanan
@ JNT,7,lain_lain
2xIsi Pulsa,4,tagihan
Resep Dokter,6,kesehatan
atm,7,lain_lain
Cinepolis,5,hiburan
Grabxpress,7,lain_lain
Kontrakan,4,tagihan
klinik,6,kesehatan
Pulpen,3,belanja
Ongkir,7,lain_lain
3xTeh Botol,1,minuman
Lychee Drink,1,minuman
Spotify,4,tagihan
Le Mineral,1,minuman
Blazer,3,belanja
@ Parkir Motor,2,transportasi
_Amoxicillin#,6,kesehatan
3xJajan,7,lain_lain
Formulir,7,lain_lain
Rapid Test,6,kesehatan
Map Plastik,3,belanja
Badminton,5,hiburan
*Billiard_,5,hiburan
@ Kebun Binatang,5,hiburan
SiCepat,7,lain_lain
Gym,5,hiburan
Bus,2,transportasi
Print,7,lain_lain
Lab Kesehatan,6,kesehatan
Patungan,7,lain_lain
Rapid Test,6,kesehatan
GoRide,2,transportasi
Sandal,3,belanja
PAKET DATA,4,tagihan
Microst 365,4,tagihan
#Paket Hemat#,0,makanan
Takoyaki,0,makanan
anli tOli,2,transportasi
#Pisang Goreng.,0,makanan
Kpi Ssu Kloiel,1,minuman
.Disney Plus#,4,tagihan
Retribusi Parkir,2,transportasi
Formulir,7,lain_lain
*PLN#,4,tagihan
.Biaya Kos_,4,tagihan
Kopi Dalgona,1,minuman
Mouse,3,belanja
*Konsultasi Dokter#,6,kesehatan
Ikat Pinggang,3,belanja
PAMERAN,5,hiburan
Top Up Genshin,5,hiburan
GoRide,2,transportasi
@ Voucher Game,5,hiburan
BBM,2,transportasi
Token Listrik,4,tagihan
Ongkir,7,lain_lain
Ongko Kirim,7,lain_lain
Pempek,0,makanan
-Sikat Gigi*,3,belanja
Apple Music,4,tagihan
Kimia Farma,6,kesehatan
2 Obat Sakit Kepala,6,kesehatan
Tol,2,transportasi
Kimia Farma,6,kesehatan
GoCar,2,transportasi
RISOL,0,makanan
Mouse,3,belanja
Cat Akrilik,5,hiburan
-Nasi Bebek_,0,makanan
KRL,2,transportasi
GrabCar,2,transportasi
GrabBike,2,transportasi
Kebun Binatang,5,hiburan
Zakat,7,lain_lain
@ Sampo,3,belanja
Es Cendol,1,minuman
damri,2,transportasi
GoSend,7,lain_lain
Gym,5,hiburan
Energen,1,minuman
Parkir,2,transportasi
Pembalut,3,belanja
Kaos,3,belanja
Jaket,3,belanja
Biaya Kos,4,tagihan
Cukur,7,lain_lain
PLN,4,tagihan
XXI,5,hiburan
Kontrakan,4,tagihan
Konsultasi Dokter,6,kesehatan
charger,3,belanja
Matcha,1,minuman
Cinepolis,5,hiburan
pasta gigi,3,belanja
Carame Latte,1,minuman
Deodoran,3,belanja
Asurasni,4,tagihan
_Grab-,2,transportasi
Print,7,lain_lain
Masker,6,kesehatan
Alat Musik,5,hiburan
Kolam Renang,5,hiburan
XXI,5,hiburan
DIAMOND ML,5,hiburan
IURAN,4,tagihan
Peach Tea,1,minuman
Rok,3,belanja
Anteraja,7,lain_lain
Pembalut,3,belanja
2xE-Toll,2,transportasi
Taksi Online,2,transportasi
es buah,1,minuman
Ikat Pinggang,3,belanja
PCR,6,kesehatan
Netflix,4,tagihan
MRT,2,transportasi
Interne Bulanan,4,tagihan
GRAB,2,transportasi
HEADSET,3,belanja
_Multivitamin*,6,kesehatan
Kacamata,6,kesehatan
Tagihan Listri,4,tagihan
spotify,4,tagihan
STABILO,3,belanja
TIKET KRL,2,transportasi
KEBUN BINATANG,5,hiburan
Mineral Water,1,minuman
Salon,7,lain_lain
*Parkir#,2,transportasi
Infq,7,lain_lain
Skincare,3,belanja
Folder,3,belanja
Ongkos Kirim,7,lain_lain
Diamond ML,5,hiburan
Macchiato,1,minuman
1xRumah Sakit,6,kesehatan
Nescafe,1,minuman
Sabnu,3,belanja
SICEPAT,7,lain_lain
jne,7,lain_lain
Gojek,2,transportasi
3xDompet,3,belanja
chamomile,1,minuman
ADOBE,4,tagihan
ayam geprek,0,makanan
First Media,4,tagihan
Charger,3,belanja
Dompet,3,belanja
Bensin,2,transportasi
Biaya Berobat,6,kesehatan
Shopee,3,belanja
lain-lain,7,lain_lain
FOTOKOPI,7,lain_lain
Resep Dokter,6,kesehatan
Anteraja,7,lain_lain
2xTagihan Listrik,4,tagihan
Obat Flu,6,kesehatan
Americano,1,minuman
iTket K*L,2,transportasi
Minyak Kayu Puti,6,kesehatan
Martabak,0,makanan
Textbook,3,belanja
Canva Pro,4,tagihan
@ Biaya Transfer,7,lain_lain
Tagiha Air,4,tagihan
Roti Bakar,0,makanan
pancake,0,makanan
Tisu,3,belanja
Suplemen,6,kesehatan
TIKET MRT,2,transportasi
KRL,2,transportasi
textbook,3,belanja
GoRide,2,transportasi
pcr,6,kesehatan
Obat Maag,6,kesehatan
RETRIBUSI PARKIR,2,transportasi
Dokter Gigi,6,kesehatan
MUFFIN,0,makanan
GrabExpress,7,lain_lain
GoCar,2,transportasi
Kuota Internet,4,tagihan
Mie Goreng,0,makanan
Minyak Kayu Putih,6,kesehatan
Crepe,0,makanan
Bebek Goreng,0,makanan
PCR,6,kesehatan
Betadine,6,kesehatan
Asuransi,4,tagihan
UC PUBG,5,hiburan
Jajan,7,lain_lain
textbook,3,belanja
Iuran Kelas,7,lain_lain
Detergen,3,belanja
air kelapa,1,minuman
Pameran,5,hiburan
2 Rapid Test,6,kesehatan
Bayar Listrik,4,tagihan
.Pertamax.,2,transportasi
CGV,5,hiburan
Iuran,4,tagihan
akult,1,minuman
Ikat Pinggang,3,belanja
First wedia,4,tagihan
Lasagna,0,makanan
steam,5,hiburan
Detergen,3,belanja
Buku Kuliah,3,belanja
Tart,0,makanan
_Tagihan HP-,4,tagihan
#GrabCar-,2,transportasi
tdo%e,4,tagihan
Ear )rGey,1,minuman
1 Cuci Baju,7,lain_lain
Tagihan Telepon,4,tagihan
HEADSET,3,belanja
grab,2,transportasi
JUS ALPUKAT,1,minuman
BBM,2,transportasi
.Masker.,6,kesehatan
CUKUR,7,lain_lain
Kopi Gula Aren,1,minuman
Chicken Bowl,0,makanan
Futsal,5,hiburan
Mikrolet,2,transportasi
JNT,7,lain_lain
Parfait,0,makanan
Rumah Sakit,6,kesehatan
Banana Bread,0,makanan
Paket Data,4,tagihan
Sampo,3,belanja
Swae Kos,4,tagihan
CGV,5,hiburan
GrabBike,2,transportasi
Salad,0,makanan
NASI CAMPUR,0,makanan
Lab Kesehata,6,kesehatan
Tiket Bus,2,transportasi
Bus,2,transportasi
2 Amoxicillin,6,kesehatan
1xTagihan Listrik,4,tagihan
Kop Americano,1,minuman
Milk Tea,1,minuman
#Aqua#,1,minuman
2 Kemeja,3,belanja
2 Pembalut,3,belanja
GrabBike,2,transportasi
billiard,5,hiburan
Laundry,7,lain_lain
Badminton,5,hiburan
Salon,7,lain_lain
2xBiaya Kos,4,tagihan
Gym,5,hiburan
Kereta Api,2,transportasi
Infaq,7,lain_lain
Retribus Parkir,2,transportasi
jnt,7,lain_lain
CGV,5,hiburan
Tiket Bioskop,5,hiburan
Top Up Genshin,5,hiburan
Pertalite,2,transportasi
Alat Musik,5,hiburan
Neftlx,4,tagihan
Modul,3,belanja
Mask!,6,kesehatan
The Tarik,1,minuman
Token Listrik,4,tagihan
JILID,7,lain_lain
Sampo,3,belanja
Nugget,0,makanan
Kopi Latte,1,minuman
Baterai,3,belanja
Paket Hemat,0,makanan
Carrot Cake,0,makanan
Fotokopi,7,lain_lain
Cappuccino,1,minuman
Tiket Konser,5,hiburan
Tart,0,makanan
Lavender Latte,1,minuman
Bensin,2,transportasi
SiCepat,7,lain_lain
Nasi Ayam,0,makanan
APPLE MUSIC,4,tagihan
2 Mikrolet,2,transportasi
1xAdministrasi,4,tagihan
Cookie,0,makanan
Sewa Kos,4,tagihan
Hazelnut Latte,1,minuman
Data Internet,4,tagihan
canva pro,4,tagihan
_Kwetiau#,0,makanan
Tagihan WiFi,4,tagihan
Billiard,5,hiburan
Potong Rambut,7,lain_lain
JNT,7,lain_lain
Gorengan,0,makanan
Adobe,4,tagihan
Caramel Latte,1,minuman
3xLampu,3,belanja
Jajan,7,lain_lain
Mobil Online,2,transportasi
Peppermint Tea,1,minuman
Administrasi,4,tagihan
Pasta,0,makanan
Obat Batuk,6,kesehatan
bbm,2,transportasi
Kopi Cappuccino,1,minuman
RAMUNE,1,minuman
1 Top Up Genshin,5,hiburan
Potong Rambut,7,lain_lain
*Sikat Gigi_,3,belanja
2 Tisu,3,belanja
Parkir,2,transportasi
Fotokopi,7,lain_lain
Sate Ayam,0,makanan
data internet,4,tagihan
Cinepolis,5,hiburan
1 Macchiato,1,minuman
Cabut Gigi,6,kesehatan
@ Sabun,3,belanja
Kertas HVS,3,belanja
Steak,0,makanan
Dokter Gigi,6,kesehatan
PCR,6,kesehatan
Angkot,2,transportasi
.GoSend_,7,lain_lain
Ibuprofen,6,kesehatan
Nonton Film,5,hiburan
2xTeh Botol,1,minuman
Legalisir,7,lain_lain
.Iuran Kelas*,7,lain_lain
Tiket Event,5,hiburan
_Hazelnut Latte.,1,minuman
Top Up Mobile Legend,5,hiburan
Tokopedia,3,belanja
GrabBike,2,transportasi
Pempek,0,makanan
Sampo,3,belanja
Telur eCplko,0,makanan
Spidol,3,belanja
Multivitamin,6,kesehatan
_Transjakarta.,2,transportasi
Nas Padang,0,makanan
Apotek,6,kesehatan
Jaket,3,belanja
First Media,4,tagihan
penggaris,3,belanja
Pasta,0,makanan
Sedekah,7,lain_lain
Gorengan,0,makanan
1xServis Motor,2,transportasi
Futsal,5,hiburan
@ Dress,3,belanja
Parkir Motor,2,transportasi
Noodle,0,makanan
-Cuci Baju#,7,lain_lain
Buku Novel,5,hiburan
E-Toll,2,transportasi
Cuci Baju,7,lain_lain
Tambal Gigi,6,kesehatan
Wahana,5,hiburan
Iuran,4,tagihan
BUS,2,transportasi
Futsal,5,hiburan
DEODORAN,3,belanja
@ Top Up Game,5,hiburan
Top Up FF,5,hiburan
Shopee,3,belanja
Textbook,3,belanja
Brown Sugar,1,minuman
Jus Melon,1,minuman
Canva Pro,4,tagihan
Isi Bensi,2,transportasi
1xObat Batuk,6,kesehatan
Komik,5,hiburan
Sabun,3,belanja
Uang Kos,4,tagihan
French Toast,0,makanan
SOUP,0,makanan
Oolong Tea,1,minuman
Salad,0,makanan
Pembalut,3,belanja
Mikrolet,2,transportasi
2 Map Plastik,3,belanja
2 Gym,5,hiburan
Ramyeon,0,makanan
KOPI TUBRUK,1,minuman
nasi campur,0,makanan
Konsultasi Dokter,6,kesehatan
Ibuprofen,6,kesehatan
oolong tea,1,minuman
pdam,4,tagihan
.GoSend*,7,lain_lain
Kopi Gula Aren,1,minuman
#Sausage Bread_,0,makanan
Tagihan Air,4,tagihan
Netflix,4,tagihan
Minyak Kayu Putih,6,kesehatan
Ayam Ge)rek,0,makanan
Dompet,3,belanja
Hojicha,1,minuman
_Sweater.,3,belanja
Taksi Online,2,transportasi
Jus Melon,1,minuman
Apple Music,4,tagihan
BILLIARD,5,hiburan
_KRL*,2,transportasi
charger,3,belanja
Shopee,3,belanja
Setrika,7,lain_lain
#Buku Kuliah_,3,belanja
*Kopi Instan#,1,minuman
Jajan,7,lain_lain
Metromini,2,transportasi
Tagihan WiFi,4,tagihan
PULPEN,3,belanja
Paket Hemat,0,makanan
Tongseng,0,makanan
Es Campur,1,minuman
Ongkos Kirim,7,lain_lain
Ikan Goreng,0,makanan
transfer,7,lain_lain
Greek Salad,0,makanan
Soup,0,makanan
-Busway_,2,transportasi
Kolam Renang,5,hiburan
apple music,4,tagihan
Minyak Kayu Puti,6,kesehatan
Poewr Bank,3,belanja
*Iuran Kelas.,7,lain_lain
Buku Tulis,3,belanja
Kopi Gula Aren,1,minuman
Amoxicillin,6,kesehatan
Canva Pro,4,tagihan
1xTiket KRL,2,transportasi
Fries,0,makanan
Sarapan,0,makanan
grabexpress,7,lain_lain
ATM,7,lain_lain
Jus Mangga,1,minuman
Rapid Test,6,kesehatan
Tol,2,transportasi
2xBuku Catatan,3,belanja
Kopi Susu Kolonel,1,minuman
Skincare,3,belanja
tiket wisata,5,hiburan
Iuran Organisasi,7,lain_lain
BILLIARD,5,hiburan
1xTop Up PUBG,5,hiburan
es matcha,1,minuman
grabexpress,7,lain_lain
Salon,7,lain_lain
Kopi Instan,1,minuman
Rapid Test,6,kesehatan
Formulir,7,lain_lain
Cat Akrilik,5,hiburan
Milk Tea,1,minuman
XXI,5,hiburan
iuran kelas,7,lain_lain
Tagihan iFi,4,tagihan
Ikat Pinggang,3,belanja
Modul,3,belanja
Cat Akrilik,5,hiburan
PASTA,0,makanan
grill,0,makanan
Tagihan Air,4,tagihan
1xJus Alpukat,1,minuman
Lychee Drink,1,minuman
Softlens,6,kesehatan
Sandal,3,belanja
#Tiket MRT*,2,transportasi
Retribusi Parkir,2,transportasi
Formulir,7,lain_lain
Tiket MRT,2,transportasi
Tiket Pesawat,2,transportasi
Power Bank,3,belanja
netflix,4,tagihan
Scan,7,lain_lain
Top Up Genshin,5,hiburan
French Toast,0,makanan
Baju,3,belanja
earl grey,1,minuman
Apple Music,4,tagihan
Pasta Gigi,3,belanja
Kertas HVS,3,belanja
Biaya Admin,4,tagihan
tiket krl,2,transportasi
.Legalisir_,7,lain_lain
Obat Batuk,6,kesehatan
2xXXI,5,hiburan
Kopi Latte,1,minuman
Pertalite,2,transportasi
Ibuprofen,6,kesehatan
Ongkir,7,lain_lain
Leb K1setan,6,kesehatan
Jus Mangga,1,minuman
Lavender Latte,1,minuman
CUCI BAJU,7,lain_lain
Scan,7,lain_lain
Lychee Drink,1,minuman
betadine,6,kesehatan
Kuota Internet,4,tagihan
Alat Musik,5,hiburan
Konsultasi Dokte,6,kesehatan
ZAKAT,7,lain_lain
_Peach Tea-,1,minuman
Infaq,7,lain_lain
Adobe,4,tagihan
bus,2,transportasi
*Badminton.,5,hiburan
JNT,7,lain_lain
MINERAL WATER,1,minuman
Alat Musik,5,hiburan
_Tiket Bioskop#,5,hiburan
Jam Tangan,3,belanja
2xGanti Oli,2,transportasi
3xLumpia,0,makanan
Gym,5,hiburan
Adobe,4,tagihan
Internet Bulana,4,tagihan
aked3Hemax,0,makanan
Bayar Listri,4,tagihan
NESCAFE,1,minuman
Dompet,3,belanja
#SPBU_,2,transportasi
*Transfer#,7,lain_lain
Softlens,6,kesehatan
Top Up FF,5,hiburan
Disney Plus,4,tagihan
Stempel,7,lain_lain
Tiket Bus,2,transportasi
2xJus Jeruk,1,minuman
LAB KESEHATAN,6,kesehatan
Cap Cay,0,makanan
.Biaya Berobat#,6,kesehatan
Bayar Kos,4,tagihan
Asuransi,4,tagihan
JNE,7,lain_lain
Isi Bensi,2,transportasi
Kebun Binatang,5,hiburan
mineral water,1,minuman
Bioskop,5,hiburan
-Paket Nasi Ayam_,0,makanan
Kacamata,6,kesehatan
Parkir Motor,2,transportasi
Obat Maag,6,kesehatan
Fitness,5,hiburan
Tteokbokki,0,makanan
Ch,5,hiburan
LAMPU,3,belanja
Takoyaki,0,makanan
TAMBAL GIGI,6,kesehatan
Steam,5,hiburan
Hojicha,1,minuman
GOSEND,7,lain_lain
DATA INTERNET,4,tagihan
2xFitness,5,hiburan
Ongkir,7,lain_lain
SUPLEMEN,6,kesehatan
*Potong Rambut*,7,lain_lain
Lemo Tea,1,minuman
Potong Rambut,7,lain_lain
Tol,2,transportasi
CGV,5,hiburan
Lemon Tea,1,minuman
Shopee,3,belanja
Busway,2,transportasi
@ Obat Diare,6,kesehatan
Nas Bebek,0,makanan
Club Sandwich,0,makanan
Gnocchi,0,makanan
XXI,5,hiburan
Toast,0,makanan
Air Mineral,1,minuman
Parki,2,transportasi
GOCAR,2,transportasi
Top Up PUBG,5,hiburan
3xBayar Kos,4,tagihan
BIAYA ADMIN,4,tagihan
2 Sepatu,3,belanja
2 Tagihan HP,4,tagihan
SiCepat,7,lain_lain
SOFTENER,3,belanja
Cuci Baju,7,lain_lain
1 Amoxicillin,6,kesehatan
Sunscreen,3,belanja
.Shopee.,3,belanja
vitamin d,6,kesehatan
Wahana,5,hiburan
JNT,7,lain_lain
1xTagihan Air,4,tagihan
Kabel Data,3,belanja
Air Mineral,1,minuman
Dompet,3,belanja
Kereta Api,2,transportasi
Air PAM,4,tagihan
CUKUR,7,lain_lain
Tomato Soup,0,makanan
XXI,5,hiburan
Festival,5,hiburan
spbu,2,transportasi
-Disney Plus-,4,tagihan
Croissant,0,makanan
Tiket Kereta,2,transportasi
Grape Juic,1,minuman
Spotify,4,tagihan
-MaximCar_,2,transportasi
Soto,0,makanan
Karaoke,5,hiburan
#Kimbap-,0,makanan
-Tempura.,0,makanan
mouse,3,belanja
Daa Intenret,4,tagihan
Taman Bermain,5,hiburan
Tokopedia,3,belanja
Isi Pulsa,4,tagihan
STEAM,5,hiburan
Biaya Berobat,6,kesehatan
Festival,5,hiburan
Salon,7,lain_lain
.Minyak Kayu Putih*,6,kesehatan
$oudre,3,belanja
Kopi Gula Aren,1,minuman
Pertalite,2,transportasi
Formulir,7,lain_lain
.PDAM#,4,tagihan
Angkot,2,transportasi
JNE,7,lain_lain
Stempel,7,lain_lain
Gorengan,0,makanan
Air PAM,4,tagihan
Kop Susu,1,minuman
LAMPU,3,belanja
Internet Bulanan,4,tagihan
Steam,5,hiburan
Risotto,0,makanan
Brownie,0,makanan
KERTAS HVS,3,belanja
Pameran,5,hiburan
Potong Rabmut,7,lain_lain
Pie,0,makanan
Taro Latte,1,minuman
Pertamax,2,transportasi
*Ganti Oli.,2,transportasi
2 Biaya Kos,4,tagihan
Nasi L&wt,0,makanan
Top Up PUBG,5,hiburan
#Vanilla Latte.,1,minuman
Nonton Film,5,hiburan
kimia farma,6,kesehatan
Pulpen,3,belanja
Deodoran,3,belanja
Obat Diare,6,kesehatan
BURGER,0,makanan
Cabut Gig,6,kesehatan
Tahu Ikan Oma Giok,0,makanan
Buku Caiatn,3,belanja
Stempel,7,lain_lain
Resep Dokter,6,kesehatan
Top U pFF,5,hiburan
Pertamax,2,transportasi
BUSWAY,2,transportasi
LRT,2,transportasi
Lain-lain,7,lain_lain
Nescafe,1,minuman
Cat Akrilik,5,hiburan
.Folder#,3,belanja
*Wahana.,5,hiburan
stempel,7,lain_lain
2 Paket Data,4,tagihan
3xBrownie,0,makanan
ongkir,7,lain_lain
es teh,1,minuman
1xVitamin D,6,kesehatan
Softlens,6,kesehatan
Disney Plus,4,tagihan
Air PAM,4,tagihan
JNT,7,lain_lain
Es Teh,1,minuman
Transfer,7,lain_lain
#Biaya Kos*,4,tagihan
Softener,3,belanja
Pertalite,2,transportasi
Americano,1,minuman
Rapid Test,6,kesehatan
VOUCHER GAME,5,hiburan
AMOXICILLIN,6,kesehatan
cappuccino,1,minuman
Ongkir,7,lain_lain
2xEs Dawet,1,minuman
Kopi Hitam,1,minuman
kereta api,2,transportasi
&terai,7,lain_lain
SiCepat,7,lain_lain
MRT,2,transportasi
MRT,2,transportasi
Top Up Mobile Legends,5,hiburan
.JNT-,7,lain_lain
Mango Drink,1,minuman
jnt,7,lain_lain
GoSend,7,lain_lain
Teh Hijau,1,minuman
.Legalisir_,7,lain_lain
Kebun Binatang,5,hiburan
internet bulanan,4,tagihan
-Transfer_,7,lain_lain
milk tea,1,minuman
Buku Catatan,3,belanja
gocar,2,transportasi
2 Konsultasi Dokter,6,kesehatan
Jilid,7,lain_lain
2 Headset,3,belanja
FUTSAL,5,hiburan
2xSetrika,7,lain_lain
_First Media.,4,tagihan
Iuran Kelas,7,lain_lain
Tiket Masuk,5,hiburan
JNT,7,lain_lain
*Microsoft 365#,4,tagihan
SPBU,2,transportasi
Infaq,7,lain_lain
Biaya Kos,4,tagihan
Spotify,4,tagihan
Pink Lemonade,1,minuman
iuran organisasi,7,lain_lain
Bruschetta,0,makanan
Bioskop,5,hiburan
Sunscreen,3,belanja
Hojicha,1,minuman
caramel macchiato,1,minuman
PULSA,4,tagihan
1xSepatu,3,belanja
Tambal Gigi,6,kesehatan
Frappe,1,minuman
Microsoft 365,4,tagihan
@ Bubble Tea,1,minuman
Isi Bensin,2,transportasi
Obat Diare,6,kesehatan
#Top Up Game#,5,hiburan
-Chamomile-,1,minuman
Kolam Renang,5,hiburan
Ikan Goreng,0,makanan
Ongkir,7,lain_lain
Pertamax,2,transportasi
Billiard,5,hiburan
Jaket,3,belanja
Cek Darah,6,kesehatan
wifi,4,tagihan
Cek Darah,6,kesehatan
Infaq,7,lain_lain
Kopi Latte,1,minuman
Strudel,0,makanan
Kuota Internet,4,tagihan
Bus,2,transportasi
#Top Up FF.,5,hiburan
_Taman Bermain_,5,hiburan
1xObat Diare,6,kesehatan
Es Teh,1,minuman
Kopi Gula Aren,1,minuman
Dompet,3,belanja
_GoRide-,2,transportasi
Pink Lemonade,1,minuman
Biaya Transfer,7,lain_lain
Multivitamin,6,kesehatan
Mobil Online,2,transportasi
Setrika,7,lain_lain
JILID,7,lain_lain
Bayar Kos,4,tagihan
wifi,4,tagihan
Aqua,1,minuman
Tiket MRT,2,transportasi
_Kaos.,3,belanja
Jaket,3,belanja
GoCar,2,transportasi
Belanja Online,3,belanja
Steam,5,hiburan
3xBayar Kos,4,tagihan
Ganti Oli,2,transportasi
_Profiterole-,0,makanan
Gado-Gado,0,makanan
TopU pFF,5,hiburan
First Media,4,tagihan
Detergen,3,belanja
Tiket Wisata,5,hiburan
Lab Kesehata,6,kesehatan
JNE,7,lain_lain
ewa Kos,4,tagihan
tiket pesawat,2,transportasi
Gelang,3,belanja
Token Listrik,4,tagihan
Iced Americano,1,minuman
JNE,7,lain_lain
Tongseng,0,makanan
top up game,5,hiburan
Administrasi,4,tagihan
Jam Tangan,3,belanja
Buffal Wing,0,makanan
Es Kelapa Muda,1,minuman
Tomato Soup,0,makanan
Softlens,6,kesehatan
alon,7,lain_lain
Puskesmas,6,kesehatan
CGV,5,hiburan
Kolam Renang,5,hiburan
Sausage Bread,0,makanan
Siomay,0,makanan
Nonton Film,5,hiburan
Sabun,3,belanja
IndiHome,4,tagihan
Salon,7,lain_lain
Steam,5,hiburan
Tempura,0,makanan
Frappe,1,minuman
ATM,7,lain_lain
Rumah Sakit,6,kesehatan
Karaoke,5,hiburan
TAGIHAN LISTRIK,4,tagihan
Laundry,7,lain_lain
Minyak Kayu Putih,6,kesehatan
Guardian,6,kesehatan
@ Obat Maag,6,kesehatan
2xTop Up Game,5,hiburan
Cardigan,3,belanja
.SiCepat-,7,lain_lain
stabilo,3,belanja
vitamin d,6,kesehatan
#Apotek#,6,kesehatan
.Tiket Wisata*,5,hiburan
Buku Novel,5,hiburan
klinik,6,kesehatan
.Kemeja*,3,belanja
Tenis,5,hiburan
Kontrakan,4,tagihan
@ Wahana,5,hiburan
Dokter,6,kesehatan
Grape Juice,1,minuman
Biaya Pendaftaran,7,lain_lain
Betadine,6,kesehatan
Buku Tulis,3,belanja
3xKopi Gula Aren,1,minuman
Vitamin D,6,kesehatan
Bayar Kos,4,tagihan
SiCepat,7,lain_lain
Tagihan HP,4,tagihan
CARPACCIO,0,makanan
NASI GORENG SEAFOOD,0,makanan
Tiket Masuk,5,hiburan
Pasta,0,makanan
Pertamax,2,transportasi
2 Tenis,5,hiburan
Biaya Transfer,7,lain_lain
Mango Drin*,1,minuman
Karaoke,5,hiburan
Ongkir,7,lain_lain
Wahana,5,hiburan
Top Up Genshin,5,hiburan
Dress,3,belanja
Apotek,6,kesehatan
Adobe,4,tagihan
_Pancake_,0,makanan
Tagihan HP,4,tagihan
Multivitamin,6,kesehatan
-Tenis_,5,hiburan
Kimia Farma,6,kesehatan
Masker,6,kesehatan
Blazer,3,belanja
Eg Tart,0,makanan
peach tea,1,minuman
KOMIK,5,hiburan
*Damri-,2,transportasi
Angkot,2,transportasi
uc pubg,5,hiburan
CGV,5,hiburan
Teh Botol,1,minuman
Taksi Online,2,transportasi
AYAM KREMES,0,makanan
ATM,7,lain_lain
Iyat iPnggang,3,belanja
Microsoft 365,4,tagihan
Bioskop,5,hiburan
1xDokter Gigi,6,kesehatan
Infaq,7,lain_lain
@ Vanilla Latte,1,minuman
1 CGV,5,hiburan
#Kopi Mocha.,1,minuman
Steam,5,hiburan
Beef Bowl,0,makanan
Patungan,7,lain_lain
Formulir,7,lain_lain
#Blazer_,3,belanja
Apotek,6,kesehatan
Cukur,7,lain_lain
Obat Maag,6,kesehatan
Print,7,lain_lain
AMOXICILLIN,6,kesehatan
2 Nasi Goreng Spesial,0,makanan
Tagihan WiFi,4,tagihan
SPBU,2,transportasi
Minyak Kayu Putih,6,kesehatan
KRL,2,transportasi
alat musik,5,hiburan
Tiket MRT,2,transportasi
GrabBike,2,transportasi
Chocolate Cake,0,makanan
PDAM,4,tagihan
Dokter,6,kesehatan
Nasi Box,0,makanan
Kacamata,6,kesehatan
Top Up FF,5,hiburan
Bayar Kos,4,tagihan
pSrinR obl,0,makanan
isi pulsa,4,tagihan
Earl Grey,1,minuman
LENSA KONTAK,6,kesehatan
Tagihan Air,4,tagihan
Pink Lemonade,1,minuman
Sabun,3,belanja
E-Toll,2,transportasi
CUCI BAJU,7,lain_lain
Zakat,7,lain_lain
Folder,3,belanja
Pulsa,4,tagihan
Salon,7,lain_lain
Masker,6,kesehatan
Batagor,0,makanan
Fried Rice,0,makanan
Antasida,6,kesehatan
Biaya Berobat,6,kesehatan
Sedekag,7,lain_lain
gocar,2,transportasi
Modul,3,belanja
ATM,7,lain_lain
FESTIVAL,5,hiburan
TEH BOTOL,1,minuman
Deodoran,3,belanja
Kertas HVS,3,belanja
betadine,6,kesehatan
Caesar Salad,0,makanan
.Bus.,2,transportasi
Noon )ilm,5,hiburan
Taksi Online,2,transportasi
Jus Jambu,1,minuman
asuransi,4,tagihan
Beef Bowl,0,makanan
#Pameran*,5,hiburan
Lumpia,0,makanan
LYCHEE DRINK,1,minuman
1xKopi Hitam,1,minuman
Vanilla Latte,1,minuman
Ibuprofen,6,kesehatan
tagihan hp,4,tagihan
Obat Sakit Kepala,6,kesehatan
Canva Pro,4,tagihan
Kolam Renan,5,hiburan
1 Pocari Sweat,1,minuman
Alat Musik,5,hiburan
2xKopi Cappuccino,1,minuman
Apotek,6,kesehatan
Fries,0,makanan
Top Up Genshin,5,hiburan
_GoSend_,7,lain_lain
Biaya Pendaftaran,7,lain_lain
sampo,3,belanja
Pasta Gigi,3,belanja
Pertamax,2,transportasi
Bus,2,transportasi
Hansaplast,6,kesehatan
Cabut Gigi,6,kesehatan
Es Buah,1,minuman
-XXI-,5,hiburan
Commuter Line,2,transportasi
2xGelang,3,belanja
Kaos,3,belanja
Chicken Bowl,0,makanan
CGV,5,hiburan
Frappe,1,minuman
folder,3,belanja
Potong Rambut,7,lain_lain
Sunscreen,3,belanja
cuci baju,7,lain_lain
JNT,7,lain_lain
5nikir,7,lain_lain
kacamata,6,kesehatan
Dumpling,0,makanan
Keyboard,3,belanja
*Stabilo#,3,belanja
Kwetiau,0,makanan
GrabBike,2,transportasi
Badminton,5,hiburan
.Dokter*,6,kesehatan
Adobe,4,tagihan
Softlens,6,kesehatan
Nas iGolngeaofod,0,makanan
Flashdisk,3,belanja
Damri,2,transportasi
Tagihan Telepon,4,tagihan
Vanilla Latte,1,minuman
Taksi Onlin,2,transportasi
2xPeach Tea,1,minuman
Bayar Kos,4,tagihan
Taxihan Teleop,4,tagihan
ziskop,5,hiburan
Steam,5,hiburan
Konsultasi Dokter,6,kesehatan
*Nasi Ayam-,0,makanan
Sedekah,7,lain_lain
milkshake,1,minuman
Jaket,3,belanja
CGV,5,hiburan
Top Up Mobile Legends,5,hiburan
Sweater,3,belanja
Popcorn,0,makanan
#Metromini-,2,transportasi
Salon,7,lain_lain
CARAMEL MACCHIATO,1,minuman
GrabExpress,7,lain_lain
Wahana,5,hiburan
PARKIR MOTOR,2,transportasi
Parkir,2,transportasi
Spotify,4,tagihan
MaximBike,2,transportasi
.Folder*,3,belanja
Biaya Admin,4,tagihan
tagihan air,4,tagihan
Steam,5,hiburan
Strawberry Drink,1,minuman
GrabCar,2,transportasi
Parkir Mobil,2,transportasi
konsultasi dokter,6,kesehatan
Teh Susu,1,minuman
Cheesecake,0,makanan
Teh Susu,1,minuman
Mobil Online,2,transportasi
Energen,1,minuman
Cek Darh,6,kesehatan
patungan,7,lain_lain
.Dokter*,6,kesehatan
Lensa Kontak,6,kesehatan
Iuran Organisasi,7,lain_lain
Lain-lain,7,lain_lain
Brown Sugar,1,minuman
Ongkos Kirim,7,lain_lain
Sampo,3,belanja
Adobe,4,tagihan
HOODIE,3,belanja
_Stempel-,7,lain_lain
Vitamin D,6,kesehatan
Donasi,7,lain_lain
teh hijau,1,minuman
Baju,3,belanja
es kelapa muda,1,minuman
Jilid,7,lain_lain
Kopi Aren,1,minuman
Bus,2,transportasi
^oCar,2,transportasi
tiket kereta,2,transportasi
grabcar,2,transportasi
konsultasi dokter,6,kesehatan
.WiFi*,4,tagihan
)arp,0,makanan
Antasida,6,kesehatan
Top Up FF,5,hiburan
Anteraja,7,lain_lain
Internet Bulanan,4,tagihan
AYAM GORENG,0,makanan
penggaris,3,belanja
Transjakarta,2,transportasi
Billiard,5,hiburan
ROK,3,belanja
Pasta Gigi,3,belanja
Adobe,4,tagihan
NASI BEBEK,0,makanan
Galbi,0,makanan
Tiket MRT,2,transportasi
Obat Batuk,6,kesehatan
Adobe,4,tagihan
Ikan Bakar,0,makanan
Lampu,3,belanja
Klinik,6,kesehatan
Materai,7,lain_lain
Jilid,7,lain_lain
Brown Sugar Latte,1,minuman
5yaK os,4,tagihan
lab kesehatan,6,kesehatan
Praacetamol,6,kesehatan
*Kopi Mocha-,1,minuman
Obat Sakit Kepala,6,kesehatan
Internet Bulanan,4,tagihan
Festival,5,hiburan
Gnocchi,0,makanan
Potong Rambut,7,lain_lain
Belanja Online,3,belanja
Teh Susu,1,minuman
Espresso,1,minuman
#Disney Plus.,4,tagihan
Cooike,0,makanan
Materai,7,lain_lain
Taman Bermain,5,hiburan
Patungan,7,lain_lain
Kebun Binatang,5,hiburan
1 Tiket Pesawat,2,transportasi
Kertas HVS,3,belanja
Tiket Bus,2,transportasi
*Top Up Genshin.,5,hiburan
Ramyeon,0,makanan
Spotify,4,tagihan
TAGIHAN LISTRIK,4,tagihan
Tama nBermain,5,hiburan
Nasi Box,0,makanan
Buku Catatan,3,belanja
Gojek,2,transportasi
Jajan,7,lain_lain
frappe,1,minuman
IBUPROFEN,6,kesehatan
Internet Bulana,4,tagihan
Tahu Goreng,0,makanan
kebab,0,makanan
Iuran Organisasi,7,lain_lain
Ramyeon,0,makanan
keyboard,3,belanja
Buku Tulis,3,belanja
Oolong Tea,1,minuman
GrabCar,2,transportasi
iuran organisasi,7,lain_lain
ATM,7,lain_lain
Paracetamol,6,kesehatan
Kimia Farma,6,kesehatan
atm,7,lain_lain
Obat Maag,6,kesehatan
BBQ Chicken,0,makanan
Ongkir,7,lain_lain
Anteraja,7,lain_lain
UC PUBG,5,hiburan
Taman Bermain,5,hiburan
biaya berobat,6,kesehatan
strawberry drink,1,minuman
Buk u0ovel,5,hiburan
Betdaie,6,kesehatan
Jajan,7,lain_lain
Fried Noodle,0,makanan
Kuota Internet,4,tagihan
Ayam Kremes,0,makanan
transjakarta,2,transportasi
@ Asuransi,4,tagihan
iuran organisasi,7,lain_lain
Materai,7,lain_lain
Komik,5,hiburan
Brow Sugar,1,minuman
Pertamax,2,transportasi
-Lasagna*,0,makanan
3xSmoothie,1,minuman
UC PUBG,5,hiburan
Lensa Kontak,6,kesehatan
Sedekah,7,lain_lain
Crostini,0,makanan
JNT,7,lain_lain
Japchae,0,makanan
Iuran,4,tagihan
Rawon,0,makanan
Mateai,7,lain_lain
Iuran Organisasi,7,lain_lain
2 Bowling,5,hiburan
-Uang Kos-,4,tagihan
atm,7,lain_lain
TAGIHAN TELEPON,4,tagihan
ADMINISTRASI,4,tagihan
JNT,7,lain_lain
Mineral Water,1,minuman
Skncre,3,belanja
Macaron,0,makanan
Dokter,6,kesehatan
Risotto,0,makanan
Sandal,3,belanja
Obat Diare,6,kesehatan
Vitami C,6,kesehatan
Isi Pulsa,4,tagihan
Lampu,3,belanja
KOPI HITAM,1,minuman
Bruschetta,0,makanan
Gojek,2,transportasi
Spotify,4,tagihan
Lain-lain,7,lain_lain
Kopi Instan,1,minuman
Isi Pulsa,4,tagihan
Mineral Water,1,minuman
Billiard,5,hiburan
Matcha,1,minuman
Paket Data,4,tagihan
SEWA KOS,4,tagihan
Nasi Liwet,0,makanan
Laundry,7,lain_lain
Topi,3,belanja
Jajan,7,lain_lain
Ojek,2,transportasi
IndiHome,4,tagihan
MRT,2,transportasi
Kopi Susu,1,minuman
DISNEY PLUS,4,tagihan
Canva Pro,4,tagihan
Stempel,7,lain_lain
@ Kopi Susu Kolonel,1,minuman
Bihun Goreng,0,makanan
aTksi Online,2,transportasi
Mizone,1,minuman
Stempel,7,lain_lain
Mocha,1,minuman
SiCepat,7,lain_lain
Taksi Online,2,transportasi
GrabBike,2,transportasi
kacamata,6,kesehatan
Crepe,0,makanan
Laundry,7,lain_lain
Obat Flu,6,kesehatan
Pembalut,3,belanja
1xMetromini,2,transportasi
2xObat Flu,6,kesehatan
Jus tagna,1,minuman
.Cuci Baju.,7,lain_lain
1 Skincare,3,belanja
Bubble Tea,1,minuman
paracetamol,6,kesehatan
Gojek,2,transportasi
Es Kelapa Muda,1,minuman
Parkir,2,transportasi
Gelang,3,belanja
Kuota Internet,4,tagihan
*Nasi Putih_,0,makanan
Taksi Online,2,transportasi
FIRST MEDIA,4,tagihan
Macchiato,1,minuman
first media,4,tagihan
Profiterole,0,makanan
Tike Event,5,hiburan
Ongkos Kirim,7,lain_lain
Charger,3,belanja
Ikat Pinggang,3,belanja
T8mbal Gi7i,6,kesehatan
3xGnocchi,0,makanan
Hazelunt Latte,1,minuman
*MRT.,2,transportasi
Air PAM,4,tagihan
ganti oli,2,transportasi
Internet Bulanan,4,tagihan
TEMPE GORENG,0,makanan
*Dokter#,6,kesehatan
@ Iuran,4,tagihan
Cek Darah,6,kesehatan
1 Lab Kesehatan,6,kesehatan
.Lab Kesehatan.,6,kesehatan
Biaya Periksa,6,kesehatan
Patungan,7,lain_lain
XXI,5,hiburan
3xCukur,7,lain_lain
penggaris,3,belanja
Administrasi,4,tagihan
Espresso,1,minuman
Jam Tangan,3,belanja
asuransi,4,tagihan
Data Internet,4,tagihan
Bensin,2,transportasi
futsal,5,hiburan
Cinepolis,5,hiburan
Adobe,4,tagihan
Badminton,5,hiburan
TAGIHAN TELEPON,4,tagihan
Damr,2,transportasi
Fotokopi,7,lain_lain
Tagihan WiFi,4,tagihan
#Kimia Farma-,6,kesehatan
Mango Drink,1,minuman
.Bowling*,5,hiburan
Pameran,5,hiburan
Iuran Kelas,7,lain_lain
kopi susu,1,minuman
Kuota Internet,4,tagihan
Tkei MRT,2,transportasi
Metromini,2,transportasi
Cat Akrilik,5,hiburan
Kertas HVS,3,belanja
6ikt MRT,2,transportasi
AlpevJu6ce,1,minuman
Takoyaki,0,makanan
Gnocchi,0,makanan
Mobil Online,2,transportasi
nasi goreng,0,makanan
Shopee,3,belanja
Steak,0,makanan
KAOS,3,belanja
Internet Bulanan,4,tagihan
_Resep Dokter*,6,kesehatan
XXI,5,hiburan
BAYAR KOS,4,tagihan
1 Softlens,6,kesehatan
grabexpress,7,lain_lain
salon,7,lain_lain
Tiket Bioskop,5,hiburan
Taksi Online,2,transportasi
GrabBike,2,transportasi
Tagihan Telepon,4,tagihan
Puskesmas,6,kesehatan
Ojek,2,transportasi
Tiket Pesawat,2,transportasi
Patungan,7,lain_lain
GUARDIAN,6,kesehatan
Peach Tea,1,minuman
Tiket Wisata,5,hiburan
Ongkir,7,lain_lain
Cuci Baju,7,lain_lain
Tamba Gigi,6,kesehatan
Masker,6,kesehatan
earl grey,1,minuman
rasnfer,7,lain_lain
Apotek,6,kesehatan
Goo Day,1,minuman
Busway,2,transportasi
Sausage Bread,0,makanan
Donasi,7,lain_lain
Steam,5,hiburan
mie goreng,0,makanan
PDAM,4,tagihan
2xDeodoran,3,belanja
Skincare,3,belanja
*Pertalite-,2,transportasi
Disney Plus,4,tagihan
*Setrika#,7,lain_lain
anteraja,7,lain_lain
2xE-Toll,2,transportasi
Tiket Pesawat,2,transportasi
Guardian,6,kesehatan
Dokter,6,kesehatan
TamablG 6gi,6,kesehatan
Tongseng,0,makanan
French Toast,0,makanan
GoRide,2,transportasi
Shopee,3,belanja
Lensa Kontak,6,kesehatan
Obat Batuk,6,kesehatan
Bowli,5,hiburan
Sunscreen,3,belanja
Biaya Transfer,7,lain_lain
Jjajangmyeon,0,makanan
Teh Susu,1,minuman
Nasi Goreng,0,makanan
IKAT PINGGANG,3,belanja
Tambal Gigi,6,kesehatan
Rok,3,belanja
GrabCar,2,transportasi
XXI,5,hiburan
Air PAM,4,tagihan
Obat Maag,6,kesehatan
TENIS,5,hiburan
Es Kelapa Muda,1,minuman
Tagihan Telepon,4,tagihan
zakat,7,lain_lain
Jam Tangan,3,belanja
Fitness,5,hiburan
Mouse,3,belanja
ATM,7,lain_lain
BiayaP eriksa,6,kesehatan
3xMocha,1,minuman
Taksi Online,2,transportasi
Parkir Mobil,2,transportasi
Rapid Test,6,kesehatan
Dress,3,belanja
Metromini,2,transportasi
Shopee,3,belanja
Milkshake,1,minuman
Tambal Gigi,6,kesehatan
Administrasi,4,tagihan
.Ongkir_,7,lain_lain
Cabut Gigi,6,kesehatan
Strudel,0,makanan
#Steam_,5,hiburan
GoCar,2,transportasi
Suplemen,6,kesehatan
Zakat,7,lain_lain
Top Up Game,5,hiburan
3xAqua,1,minuman
Puskesmas,6,kesehatan
Caramel Macchiato,1,minuman
metromini,2,transportasi
Administrasi,4,tagihan
Jilid,7,lain_lain
SiCepat,7,lain_lain
Obat Maag,6,kesehatan
Gado-Gado,0,makanan
Billiard,5,hiburan
Matcha,1,minuman
Frappe,1,minuman
Brownie,0,makanan
Tiket Bioskop,5,hiburan
Nachos,0,makanan
Noodle,0,makanan
risol,0,makanan
BLT,0,makanan
Scan,7,lain_lain
Hotdog,0,makanan
Biaya Periks,6,kesehatan
Lain-lain,7,lain_lain
3xAsuransi,4,tagihan
GYM,5,hiburan
Klinik,6,kesehatan
WiFi,4,tagihan
SPBU,2,transportasi
CUKUR,7,lain_lain
G%lang,3,belanja
1 Servis Motor,2,transportasi
*Hansaplast-,6,kesehatan
Skincare,3,belanja
Iura Kelas,7,lain_lain
*Parkir Motor*,2,transportasi
paracetamol,6,kesehatan
Top U PUBG,5,hiburan
Interne Bulanan,4,tagihan
Adobe,4,tagihan
Uang Kos,4,tagihan
cek darah,6,kesehatan
Cek Darah,6,kesehatan
Eclair,0,makanan
Caramel Macchiato,1,minuman
-Zakat#,7,lain_lain
-Ramune#,1,minuman
1xBowling,5,hiburan
Topi,3,belanja
Infaq,7,lain_lain
tempura,0,makanan
sampo,3,belanja
.Pizza#,0,makanan
-UC PUBG*,5,hiburan
@ Macchiato,1,minuman
3xEs Kelapa Muda,1,minuman
biaya kos,4,tagihan
WiFi,4,tagihan
MaximBike,2,transportasi
PLN,4,tagihan
kereta api,2,transportasi
Es Matcha,1,minuman
*Tagihan WiFi-,4,tagihan
*Tiket Pesawat.,2,transportasi
ovaltine,1,minuman
Fotokopi,7,lain_lain
rate Aaym,0,makanan
Amoxicillin,6,kesehatan
Scan,7,lain_lain
Cold Brew,1,minuman
ojekonline,2,transportasi
Air Kelapa,1,minuman
KEBUN BINATANG,5,hiburan
-Materai*,7,lain_lain
Buku Kuliah,3,belanja
Biaya Kos,4,tagihan
Sandwich,0,makanan
Obat Batuk,6,kesehatan
Transfer,7,lain_lain
Materai,7,lain_lain
tiket masuk,5,hiburan
Apple Music,4,tagihan
Kacamata,6,kesehatan
Wahana,5,hiburan
Stempel,7,lain_lain
Mobil Online,2,transportasi
Pocari Sweat,1,minuman
3xCold Brew,1,minuman
lain-lain,7,lain_lain
Wrap,0,makanan
1xGalbi,0,makanan
#Muffin#,0,makanan
Taksi Online,2,transportasi
Suplemen,6,kesehatan
Infaq,7,lain_lain
PDAM,4,tagihan
Tiket Konsre,5,hiburan
Vanilla aLtte,1,minuman
SETRIKA,7,lain_lain
Taksi Online,2,transportasi
Gree Salad,0,makanan
@ Zakat,7,lain_lain
_Vitamin C-,6,kesehatan
Tiket Bioskop,5,hiburan
Bioskop,5,hiburan
Tambal Gigi,6,kesehatan
Suplemen,6,kesehatan
2 ATM,7,lain_lain
MRT,2,transportasi
WiFi,4,tagihan
Servis Motor,2,transportasi
OJEKONLINE,2,transportasi
Fitness,5,hiburan
atm,7,lain_lain
Pretzel,0,makanan
Uang Kos,4,tagihan
Penpgri,3,belanja
Tisu,3,belanja
Pembalut,3,belanja
cabut gigi,6,kesehatan
-Adobe-,4,tagihan
DRESS,3,belanja
Buk u4ovel,5,hiburan
Kuota Internet,4,tagihan
1xTiket Bioskop,5,hiburan
Taman Bermain,5,hiburan
Pembalut,3,belanja
ojek,2,transportasi
TOL,2,transportasi
LAIN-LAIN,7,lain_lain
Ramen,0,makanan
biaya transfer,7,lain_lain
#Obat Diare.,6,kesehatan
TIKET KONSER,5,hiburan
Voucher Game,5,hiburan
Bebek Goreng,0,makanan
Disney Plus,4,tagihan
flashdisk,3,belanja
Multisiwamin,6,kesehatan
-Resep Dokter_,6,kesehatan
Kaos,3,belanja
Bus,2,transportasi
_Taman Bermain#,5,hiburan
Jam Tangan,3,belanja
Wonton,0,makanan
Kopi Sus Kolonel,1,minuman
Commute Line,2,transportasi
SPIDOL,3,belanja
.Flashdisk#,3,belanja
Pensil,3,belanja
Hoodie,3,belanja
Fried Rice,0,makanan
#Nescafe*,1,minuman
1 LRT,2,transportasi
Sandal,3,belanja
brown sugar latte,1,minuman
Zakat,7,lain_lain
Patungan,7,lain_lain
-Biaya Admin-,4,tagihan
Map Plastik,3,belanja
-Penggaris*,3,belanja
Dompet,3,belanja
Kimia Farma,6,kesehatan
Iuran,4,tagihan
Metromini,2,transportasi
Dress,3,belanja
Suplemen,6,kesehatan
raerai,7,lain_lain
ATM,7,lain_lain
*Detergen_,3,belanja
Dokter Gigi,6,kesehatan
Caramel Latte,1,minuman
Minyak Kayu Putih,6,kesehatan
Mouse,3,belanja
Laundry,7,lain_lain
Mineral Water,1,minuman
Tiket Event,5,hiburan
Mobil Online,2,transportasi
Kopi Gula Are,1,minuman
1 Paracetamol,6,kesehatan
1xRoti Bakar,0,makanan
Pameran,5,hiburan
Vitamin C,6,kesehatan
Administrasi,4,tagihan
Bayar Listrik,4,tagihan
_Apotek#,6,kesehatan
Antasida,6,kesehatan
MaximCar,2,transportasi
.Metromini_,2,transportasi
*Es Campur.,1,minuman
E-Toll,2,transportasi
Bensin,2,transportasi
LEMONADE,1,minuman
Biaya Kos,4,tagihan
Nonton Film,5,hiburan
Diamond ML,5,hiburan
Tempura,0,makanan
Nasi Goreng,0,makanan
-Stempel_,7,lain_lain
TksmOnline,2,transportasi
Rawon,0,makanan
Mineral Water,1,minuman
#Top Up Mobile Legends.,5,hiburan
TAGIHAN WIFI,4,tagihan
Tagihan WiFi,4,tagihan
iuran kelas,7,lain_lain
Materai,7,lain_lain
2xTambal Gigi,6,kesehatan
Ongkir,7,lain_lain
Nasi Ayam,0,makanan
Bioskop,5,hiburan
Tas,3,belanja
Pulpen,3,belanja
Stabilo,3,belanja
Tahu Goreng,0,makanan
KEYBOARD,3,belanja
Pertalite,2,transportasi
frbBke,2,transportasi
Map Plastik,3,belanja
Patungan,7,lain_lain
ANTERAJA,7,lain_lain
Busway,2,transportasi
Suplemen,6,kesehatan
oWnton,0,makanan
Pensil,3,belanja
apple music,4,tagihan
-Jus Mangga_,1,minuman
*Klinik_,6,kesehatan
grabexpress,7,lain_lain
DONASI,7,lain_lain
Cukur,7,lain_lain
Tokzpedia,3,belanja
1xGanti Oli,2,transportasi
PLN,4,tagihan
Lychee Drin,1,minuman
MaximBike,2,transportasi
*Waffle_,0,makanan
Ojek,2,transportasi
Boba,1,minuman
Taksi Online,2,transportasi
KOMIK,5,hiburan
Uang Kos,4,tagihan
Bubble Tea,1,minuman
Fitness,5,hiburan
Obat Flu,6,kesehatan
2 Alat Musik,5,hiburan
Rumah Sakit,6,kesehatan
2xGood Day,1,minuman
SPBU,2,transportasi
Donasi,7,lain_lain
_Tiket KRL_,2,transportasi
Vitamin D,6,kesehatan
Tokopedia,3,belanja
Bioskop,5,hiburan
tongseng,0,makanan
Rapid ets,6,kesehatan
Salon,7,lain_lain
guardian,6,kesehatan
Cinepolis,5,hiburan
SANDAL,3,belanja
Canva Pro,4,tagihan
UC PUBG,5,hiburan
Hansaplast,6,kesehatan
Bensin,2,transportasi
IndiHome,4,tagihan
Textbook,3,belanja
Japchae,0,makanan
GrabExpress,7,lain_lain
BUS,2,transportasi
Cheesecake,0,makanan
#Pembalut.,3,belanja
Gojek,2,transportasi
GoSend,7,lain_lain
_Tol.,2,transportasi
Ongkir,7,lain_lain
Apple Juice,1,minuman
Ongkir,7,lain_lain
Buku Tulis,3,belanja
Sikat Gigi,3,belanja
KOPI CAPPUCCINO,1,minuman
#Ganache#,0,makanan
Jaket,3,belanja
Tiket Kereta,2,transportasi
TIKET BIOSKOP,5,hiburan
_Buku Tulis#,3,belanja
Potong Rambut,7,lain_lain
Tomato Soup,0,makanan
badminton,5,hiburan
Tiket KRL,2,transportasi
Ramune,1,minuman
Token Listrik,4,tagihan
puskesmas,6,kesehatan
Rapi Test,6,kesehatan
Laundry,7,lain_lain
Good Day,1,minuman
Microsoft 365,4,tagihan
Ramune,1,minuman
SOFTLENS,6,kesehatan
#Mikrolet-,2,transportasi
Tiket Konse,5,hiburan
ATM,7,lain_lain
Taman Bermain,5,hiburan
Tahu Tempe,0,makanan
Sunscreen,3,belanja
Masker,6,kesehatan
Mozzarella Stick,0,makanan
-Brownie#,0,makanan
Kacamata,6,kesehatan
DOMPET,3,belanja
#MRT-,2,transportasi
Yakult,1,minuman
1xOngkos Kirim,7,lain_lain
PLN,4,tagihan
Mouse,3,belanja
2 Tas,3,belanja
Jus Jeruk,1,minuman
-Alat Musik_,5,hiburan
Top Up FF,5,hiburan
Nasi Putih,0,makanan
POPCORN,0,makanan
Cardigan,3,belanja
Stempel,7,lain_lain
3xGrabCar,2,transportasi
metromini,2,transportasi
Mango Drink,1,minuman
Pulpen,3,belanja
Cabut Gigi,6,kesehatan
3xCharger,3,belanja
Cinepolis,5,hiburan
1 Kuota Internet,4,tagihan
_Data Internet#,4,tagihan
1 Patungan,7,lain_lain
Detergen,3,belanja
Betadine,6,kesehatan
JuseMlol,1,minuman
Tiket Event,5,hiburan
Futsal,5,hiburan
Mineral Water,1,minuman
Buku Kuliah,3,belanja
SUNSCREEN,3,belanja
Voucher Game,5,hiburan
Adobe,4,tagihan
Vitamin C,6,kesehatan
Eclair,0,makanan
Air PAM,4,tagihan
Calpico,1,minuman
Energen,1,minuman
Aqua,1,minuman
nrabExperss,7,lain_lain
Ikan Goreng,0,makanan
BUKU TULIS,3,belanja
SiCepat,7,lain_lain
Milkshake,1,minuman
Komik,5,hiburan
2aya Tomnsefr,7,lain_lain
2 Futsal,5,hiburan
OjekOnline,2,transportasi
Obat Sakit Kepala,6,kesehatan
1xAyam Kremes,0,makanan
ATM,7,lain_lain
GRABEXPRESS,7,lain_lain
*Ibuprofen#,6,kesehatan
Retribusi Parkir,2,transportasi
bOat Maa*,6,kesehatan
TISU,3,belanja
Anteraja,7,lain_lain
STEMPEL,7,lain_lain
Tagihan Listrik,4,tagihan
Spotify,4,tagihan
Alat Musik,5,hiburan
Teh Botol,1,minuman
PDAM,4,tagihan
.Scan#,7,lain_lain
1xTol,2,transportasi
Billiard,5,hiburan
Kertas HVS,3,belanja
Chocolate Cake,0,makanan
E-Toll,2,transportasi
1xBlazer,3,belanja
1 Rumah Sakit,6,kesehatan
tenis,5,hiburan
Nasi Goreng Seafood,0,makanan
Power Bank,3,belanja
Tagihan HP,4,tagihan
SANDAL,3,belanja
Tike( Bus,2,transportasi
Futsal,5,hiburan
biaya pendaftaran,7,lain_lain
busway,2,transportasi
*Modul#,3,belanja
XXI,5,hiburan
3hun Gorne&,0,makanan
Sikat Gigi,3,belanja
OBAT SAKIT KEPALA,6,kesehatan
Kuota Internet,4,tagihan
uransjakarta,2,transportasi
KRL,2,transportasi
tiket wisata,5,hiburan
1xPDAM,4,tagihan
Popcorn,0,makanan
Busway,2,transportasi
Su1lemen,6,kesehatan
Dokter Gigi,6,kesehatan
Infaq,7,lain_lain
GORENGAN,0,makanan
Strudel,0,makanan
wonton,0,makanan
Tjeokbkki,0,makanan
Tagihan Listrik,4,tagihan
Buku Novel,5,hiburan
Obat Maag,6,kesehatan
Orange Juice,1,minuman
#Tiket Bioskop-,5,hiburan
FORMULIR,7,lain_lain
Sabun,3,belanja
Taksi Online,2,transportasi
KIMIA FARMA,6,kesehatan
Kabel Data,3,belanja
UC PUBG,5,hiburan
@ Tiket MRT,2,transportasi
Sate Ayam,0,makanan
@ Cukur,7,lain_lain
Banana Bread,0,makanan
Orange Juice,1,minuman
OjekOnline,2,transportasi
Kuota Internet,4,tagihan
pertalite,2,transportasi
First Media,4,tagihan
kwetiau,0,makanan
softlens,6,kesehatan
Laundry,7,lain_lain
WiFi,4,tagihan
Suplemen,6,kesehatan
SEDEKAH,7,lain_lain
Netflix,4,tagihan
Pepermn6 tTea,1,minuman
Ongkir,7,lain_lain
atm,7,lain_lain
Cold Brew,1,minuman
Top Up Game,5,hiburan
Kopi Instan,1,minuman
Sandal,3,belanja
.Taman Bermain*,5,hiburan
Japchae,0,makanan
-CGV#,5,hiburan
Ayam Kreme,0,makanan
lo,2,transportasi
SPBU,2,transportasi
Billiard,5,hiburan
lemonade,1,minuman
MANGO DRINK,1,minuman
Strudel,0,makanan
BIAYA TRANSFER,7,lain_lain
Do4er,6,kesehatan
Pulpen,3,belanja
Headset,3,belanja
Token Listrik,4,tagihan
Air PAM,4,tagihan
SPOTIFY,4,tagihan
Carrot Cake,0,makanan
Crostini,0,makanan
Donasi,7,lain_lain
2xHansaplast,6,kesehatan
GOSEND,7,lain_lain
KIMBAP,0,makanan
Vanilla Latte,1,minuman
Paracetamol,6,kesehatan
badminton,5,hiburan
BUFFALO WING,0,makanan
Futsal,5,hiburan
TAS,3,belanja
Soto,0,makanan
MODUL,3,belanja
SPOTIFY,4,tagihan
Potong Rambut,7,lain_lain
Cat Akrilik,5,hiburan
Gym,5,hiburan
1xDisney Plus,4,tagihan
Jus Jambu,1,minuman
Apotek,6,kesehatan
GoRide,2,transportasi
Apple Music,4,tagihan
Tambal Gigi,6,kesehatan
Top Up PUBG,5,hiburan
Obat Flu,6,kesehatan
KIMIA FARMA,6,kesehatan
WiFi,4,tagihan
Uan Kos,4,tagihan
Biaya Periksa,6,kesehatan
Nasi Goreng Kampung,0,makanan
Alat Musik,5,hiburan
Lab Kesehatan,6,kesehatan
Tiket KRL,2,transportasi
Canva Pro,4,tagihan
cardigan,3,belanja
Antasida,6,kesehatan
Buku Tuli,3,belanja
.Damri-,2,transportasi
Jilid,7,lain_lain
Taman Bermain,5,hiburan
Buku Novel,5,hiburan
Softlens,6,kesehatan
DOKTER GIGI,6,kesehatan
Disney Plus,4,tagihan
_Spotify_,4,tagihan
Dompet,3,belanja
CGV,5,hiburan
ongkos kirim,7,lain_lain
Ikat Pinggang,3,belanja
Sandal,3,belanja
Deodoran,3,belanja
Sandwich,0,makanan
Hoodie,3,belanja
Nasi Uduk,0,makanan
-Isi Bensin#,2,transportasi
WAHANA,5,hiburan
Dompet,3,belanja
Sarapan,0,makanan
Latte,1,minuman
Microsoft 365,4,tagihan
Kopi Cappuccino,1,minuman
Yakult,1,minuman
Futsal,5,hiburan
Tagihan Telepon,4,tagihan
Dokter,6,kesehatan
Angkot,2,transportasi
Cardigan,3,belanja
Canva Pro,4,tagihan
Biay Kos,4,tagihan
buprfoen,6,kesehatan
Toast,0,makanan
Donasi,7,lain_lain
-JNE.,7,lain_lain
Gelato,0,makanan
#Dokter-,6,kesehatan
canva pro,4,tagihan
older,3,belanja
Vanilla Latte,1,minuman
DISNEY PLUS,4,tagihan
UANG KOS,4,tagihan
Minyak Kayu Putih,6,kesehatan
Karaoke,5,hiburan
*Bayar Listrik_,4,tagihan
Orangeq4uice,1,minuman
KACAMATA,6,kesehatan
BBM,2,transportasi
Spring Roll,0,makanan
Microsoft 365,4,tagihan
formulir,7,lain_lain
3xObat Maag,6,kesehatan
Mouse,3,belanja
#Lychee Drink.,1,minuman
Nonton Film,5,hiburan
Nugget,0,makanan
Ongkir,7,lain_lain
Cookie,0,makanan
.Maxim-,2,transportasi
sandal,3,belanja
nonton film,5,hiburan
Konsultasi Dokter,6,kesehatan
Dress,3,belanja
Tiket Kereta,2,transportasi
Transjakarta,2,transportasi
Bayar Listrik,4,tagihan
Pameran,5,hiburan
gorengan,0,makanan
GoSend,7,lain_lain
Sandwich,0,makanan
1 UC PUBG,5,hiburan
Cek Darah,6,kesehatan
Stabilo,3,belanja
Tteokbokki,0,makanan
GrabExpess,7,lain_lain
Buku Catatan,3,belanja
Es Matcha,1,minuman
Print,7,lain_lain
Tagihan WiFi,4,tagihan
Jilid,7,lain_lain
lteria,3,belanja
Sabun,3,belanja
Sweater,3,belanja
Bus,2,transportasi
Stempel,7,lain_lain
Uang Kos,4,tagihan
TiketK L,2,transportasi
1 Fried Noodle,0,makanan
Sepatu,3,belanja
Top Up Game,5,hiburan
Obat Sakit Keplaa,6,kesehatan
TOKOPEDIA,3,belanja
Gelang,3,belanja
NASI BAKAR,0,makanan
Good Day,1,minuman
MaximCar,2,transportasi
mineral water,1,minuman
Teh Tarik,1,minuman
Setrika,7,lain_lain
tokopedia,3,belanja
Rapid Test,6,kesehatan
Parkir,2,transportasi
Kopi Espresso,1,minuman
Konsultasi Dokter,6,kesehatan
Es Buah,1,minuman
Cold Brew,1,minuman
Voucher Game,5,hiburan
Salon,7,lain_lain
2xKemeja,3,belanja
Caramel Latte,1,minuman
es matcha,1,minuman
2xMocha,1,minuman
*Hansaplast.,6,kesehatan
Netflix,4,tagihan
tiket konser,5,hiburan
Sweater,3,belanja
Tenis,5,hiburan
Boba,1,minuman
Cabut Gigi,6,kesehatan
Scan,7,lain_lain
Wrap,0,makanan
Obat Maag,6,kesehatan
Mang Drink,1,minuman
Biaya Transfer,7,lain_lain
Kimia Farm,6,kesehatan
GoSend,7,lain_lain
PLN,4,tagihan
Tagihan HP,4,tagihan
Sausage Brea,0,makanan
3xBPJS Kesehatan,4,tagihan
Matcha,1,minuman
Folder,3,belanja
Detergen,3,belanja
Spidol,3,belanja
Bensin,2,transportasi
Top Up PUBG,5,hiburan
Data Internet,4,tagihan
Jus Jambu,1,minuman
Oba Batuk,6,kesehatan
Parfait,0,makanan
Bus,2,transportasi
Paracetamol,6,kesehatan
Skincare,3,belanja
Wrap,0,makanan
Iuran Kelas,7,lain_lain
retribusi parkir,2,transportasi
Apotek,6,kesehatan
Sparkling Water,1,minuman
-Softlens-,6,kesehatan
Kereta Api,2,transportasi
Es Campu,1,minuman
Frappe,1,minuman
Hazelnut Latte,1,minuman
Hansaplast,6,kesehatan
vitamin d,6,kesehatan
*Canva Pro_,4,tagihan
Jajan,7,lain_lain
POCARI SWEAT,1,minuman
parkir motor,2,transportasi
Kemeja,3,belanja
Cold Brew,1,minuman
Obat Diare,6,kesehatan
aSdal,3,belanja
Tagihan HP,4,tagihan
_Caramel Macchiato.,1,minuman
canva pro,4,tagihan
#Paracetamol_,6,kesehatan
Bensin,2,transportasi
Taman Bermain,5,hiburan
Tagihan Telepon,4,tagihan
Sate Ayam,0,makanan
Cek Darah,6,kesehatan
Tol,2,transportasi
.JNT#,7,lain_lain
Damri,2,transportasi
PDAM,4,tagihan
Adobe,4,tagihan
ClbSoda,1,minuman
Lab Kesehatna,6,kesehatan
Lensa Kontak,6,kesehatan
Carrot Cake,0,makanan
Buku Novel,5,hiburan
*Administrasi-,4,tagihan
Siomay,0,makanan
POTONG RAMBUT,7,lain_lain
LRT,2,transportasi
Dakgalbi,0,makanan
DATA INTERNET,4,tagihan
1xBuku Kuliah,3,belanja
Top Up Game,5,hiburan
Sweater,3,belanja
tiket event,5,hiburan
Cabut Gigi,6,kesehatan
1xVitamin D,6,kesehatan
mobil online,2,transportasi
Earl nrey,1,minuman
Tiket Keret,2,transportasi
Flashdisk,3,belanja
Paracetamol,6,kesehatan
Taksi Online,2,transportasi
Vitamin D,6,kesehatan
Lumpia,0,makanan
Scan,7,lain_lain
Pensil,3,belanja
diamond ml,5,hiburan
_Profiterole_,0,makanan
Pembalut,3,belanja
2xPrint,7,lain_lain
Shopee,3,belanja
Es Dawet,1,minuman
@ Kacamata,6,kesehatan
Bayar Listrik,4,tagihan
Kontrakan,4,tagihan
Tenis,5,hiburan
PLN,4,tagihan
Sunscreen,3,belanja
Grape Juice,1,minuman
soup,0,makanan
Earohne,3,belanja
Teh Manis,1,minuman
Hansaplast,6,kesehatan
Internet Bulanan,4,tagihan
Taman Bermain,5,hiburan
_Festival*,5,hiburan
Deodoran,3,belanja
.Tiket Masuk*,5,hiburan
Flashdisk,3,belanja
Latte,1,minuman
-Cheesecake#,0,makanan
Biaya Admin,4,tagihan
Sedekah,7,lain_lain
MaximCar,2,transportasi
Apple Music,4,tagihan
Hazefnut Latte,1,minuman
KOMIK,5,hiburan
Frappe,1,minuman
Tagihan Air,4,tagihan
Kolam Renang,5,hiburan
2xRed Velvet,0,makanan
Kertas HVS,3,belanja
Bus,2,transportasi
Uang Kos,4,tagihan
Maxim,2,transportasi
Macchiato,1,minuman
Spotify,4,tagihan
Cek Darah,6,kesehatan
Ikat Pinggang,3,belanja
Tiket Event,5,hiburan
Retribus Parkir,2,transportasi
Bus,2,transportasi
Apple Juice,1,minuman
Tiket Konser,5,hiburan
LRT,2,transportasi
Dimsum,0,makanan
BPJS Kesehatan,4,tagihan
Bioskop,5,hiburan
bus,2,transportasi
PLN,4,tagihan
MODUL,3,belanja
Apotek,6,kesehatan
Energen,1,minuman
Tiket Masuk,5,hiburan
1xBiaya Berobat,6,kesehatan
Tiket Konser,5,hiburan
Lain-lain,7,lain_lain
Earphone,3,belanja
Hazelnut Latte,1,minuman
metromini,2,transportasi
INFAQ,7,lain_lain
Nachos,0,makanan
Biaya Periksa,6,kesehatan
3xGoRide,2,transportasi
shopee,3,belanja
Kimia Farma,6,kesehatan
Token Listrik,4,tagihan
@ Carrot Cake,0,makanan
Fried Rice,0,makanan
Obat Diare,6,kesehatan
Awam Groeng,0,makanan
1 ATM,7,lain_lain
Iuran,4,tagihan
Antasida,6,kesehatan
*Softener-,3,belanja
Diamond ML,5,hiburan
Lavender Latte,1,minuman
Ibuprofen,6,kesehatan
3xGorengan,0,makanan
1xTiket MRT,2,transportasi
Biaya Transfer,7,lain_lain
Alat Musik,5,hiburan
Suplemen,6,kesehatan
Bus,2,transportasi
Buku Novel,5,hiburan
Betadine,6,kesehatan
Charger,3,belanja
Konsultasi Dokter,6,kesehatan
1 Oolong Tea,1,minuman
eni,5,hiburan
Transfer,7,lain_lain
bulgogi,0,makanan
isi bensin,2,transportasi
MaximBike,2,transportasi
Masker,6,kesehatan
LAIN-LAIN,7,lain_lain
COMMUTER LINE,2,transportasi
Sampo,3,belanja
TOP UP GAME,5,hiburan
_Transfer_,7,lain_lain
AIR PAM,4,tagihan
#Tol*,2,transportasi
Servis Motor,2,transportasi
3xPLN,4,tagihan
Cold Brew,1,minuman
3xTransfer,7,lain_lain
Keyboard,3,belanja
Lemonade,1,minuman
Formulir,7,lain_lain
*Amoxicillin#,6,kesehatan
Mizone,1,minuman
NASI CAMPUR,0,makanan
Kolam Renang,5,hiburan
TRANSFER,7,lain_lain
Energen,1,minuman
Tiket Wisata,5,hiburan
#Ramen#,0,makanan
Vitamin D,6,kesehatan
Rok,3,belanja
Patungan,7,lain_lain
Rumah Sakit,6,kesehatan
MaximBike,2,transportasi
Puskesmas,6,kesehatan
Asuransi,4,tagihan
KABEL DATA,3,belanja
Dokter,6,kesehatan
kaos,3,belanja
Tike tBioskop,5,hiburan
Anteraja,7,lain_lain
a)caron,0,makanan
Tike Bus,2,transportasi
Cuci Baj,7,lain_lain
Sedekah,7,lain_lain
Softlens,6,kesehatan
Tempura,0,makanan
TRANSFER,7,lain_lain
Asuransi,4,tagihan
JNE,7,lain_lain
Administrasi,4,tagihan
Kopi Aren,1,minuman
MATCHA,1,minuman
jajan,7,lain_lain
First Media,4,tagihan
Minyak Kayu Putih,6,kesehatan
Textbook,3,belanja
bowling,5,hiburan
_Sewa Kos*,4,tagihan
Multivitamin,6,kesehatan
Tol,2,transportasi
Donasi,7,lain_lain
Resep Dokte,6,kesehatan
VANILLA LATTE,1,minuman
Frappe,1,minuman
Ayam Goreng,0,makanan
Buku Novel,5,hiburan
Guardian,6,kesehatan
WiFi,4,tagihan
Steam,5,hiburan
Anteraja,7,lain_lain
nasi goreng spesial,0,makanan
PULSA,4,tagihan
Tiket MRT,2,transportasi
Badminton,5,hiburan
BBM,2,transportasi
PERTALITE,2,transportasi
BIAYA KOS,4,tagihan
Mouse,3,belanja
scan,7,lain_lain
Parkir,2,transportasi
Teh Hijau,1,minuman
Trnsjkarata,2,transportasi
3xChips,0,makanan
amoxicillin,6,kesehatan
Servis Motor,2,transportasi
Taksi Online,2,transportasi
Legalisir,7,lain_lain
GoSend,7,lain_lain
Obat Batuk,6,kesehatan
Bus,2,transportasi
Badminton,5,hiburan
pdam,4,tagihan
Softlens,6,kesehatan
Lab Kesehatan,6,kesehatan
Sewa Kos,4,tagihan
BBM,2,transportasi
Grape Juice,1,minuman
Galbi,0,makanan
Cek Darah,6,kesehatan
ONGKIR,7,lain_lain
Kopi Espresso,1,minuman
Angkot,2,transportasi
Map Plastik,3,belanja
Festival,5,hiburan
Tgikna Telepon,4,tagihan
Mango Drink,1,minuman
es kopi susu,1,minuman
TOP UP FF,5,hiburan
#Tiket Konser#,5,hiburan
retribusi parkir,2,transportasi
1 Donasi,7,lain_lain
Cinepolis,5,hiburan
Kopi Susu,1,minuman
Alat Musik,5,hiburan
3xTiket Masuk,5,hiburan
Tambal Gigi,6,kesehatan
Softener,3,belanja
*Jajan#,7,lain_lain
Administrasi,4,tagihan
Iubrofe,6,kesehatan
Masker,6,kesehatan
OVALTINE,1,minuman
Ikan Bakar,0,makanan
GrabBike,2,transportasi
Potong Rambut,7,lain_lain
Festival,5,hiburan
metromini,2,transportasi
BBM,2,transportasi
pecel lele,0,makanan
Disne Plus,4,tagihan
Peach Tea,1,minuman
Patungan,7,lain_lain
Nescafe,1,minuman
vanilla latte,1,minuman
Minyak Kayu Putih,6,kesehatan
.Kopi Dalgona.,1,minuman
grape juice,1,minuman
Jilid,7,lain_lain
Kopi Susu,1,minuman
Parkir Mobil,2,transportasi
Top Up Mobile Legends,5,hiburan
Isi Bensin,2,transportasi
Soba,0,makanan
1xPuskesmas,6,kesehatan
Biaya Berobat,6,kesehatan
Sewa Kos,4,tagihan
Cardigan,3,belanja
Setrika,7,lain_lain
Bioskop,5,hiburan
CAT AKRILIK,5,hiburan
BPJS Kesehatan,4,tagihan
Cap Cay,0,makanan
2xBBQ Chicken,0,makanan
Obat Maag,6,kesehatan
Bus,2,transportasi
Lain-lain,7,lain_lain
Lasagna,0,makanan
Mikrolet,2,transportasi
Damri,2,transportasi
Festival,5,hiburan
PCR,6,kesehatan
.Kopi Americano*,1,minuman
Futsal,5,hiburan
TAMBAL GIGI,6,kesehatan
Cuci Baj,7,lain_lain
BUS,2,transportasi
Tiket Bus,2,transportasi
!ikeWisata,5,hiburan
.Lain-lain-,7,lain_lain
Guardian,6,kesehatan
DAMRI,2,transportasi
Retribusi Parkir,2,transportasi
Lasagna,0,makanan
-Tiket Bioskop.,5,hiburan
Ganti Oli,2,transportasi
-Paracetamol_,6,kesehatan
Jam Tangan,3,belanja
Tiket Konser,5,hiburan
Sparkling Water,1,minuman
PROFITEROLE,0,makanan
Konsultasi Dokter,6,kesehatan
2 Tteokbokki,0,makanan
GrabExpress,7,lain_lain
3xLatte,1,minuman
Adobe,4,tagihan
Cinepolis,5,hiburan
Kabel Dat,3,belanja
Apple Music,4,tagihan
1 Futsal,5,hiburan
CGV,5,hiburan
LRT,2,transportasi
Tiket MRT,2,transportasi
Jus Alpukat,1,minuman
Spidol,3,belanja
Minyak Kayu Putih,6,kesehatan
JAPCHAE,0,makanan
Damri,2,transportasi
Softlens,6,kesehatan
BIOSKOP,5,hiburan
Lemonade,1,minuman
Mocha,1,minuman
TIKET PESAWAT,2,transportasi
Kopi Dalgona,1,minuman
-Obat Diare_,6,kesehatan
Makan Sian,0,makanan
Suplemen,6,kesehatan
CLUB SANDWICH,0,makanan
Retribusi Parki,2,transportasi
lontong,0,makanan
_Penggaris-,3,belanja
Modul,3,belanja
1xKaos,3,belanja
Amoxicillin,6,kesehatan
aSlad,0,makanan
Folder,3,belanja
2 Fried Rice,0,makanan
print,7,lain_lain
Apple Music,4,tagihan
-Netflix_,4,tagihan
Biaya Transfer,7,lain_lain
Diamond ML,5,hiburan
SPARKLING WATER,1,minuman
Microsoft 365,4,tagihan
steam,5,hiburan
1xKertas HVS,3,belanja
Kontrskcn,4,tagihan
Top Up Game,5,hiburan
Folder,3,belanja
_Topi_,3,belanja
pulsa,4,tagihan
Microsoft 365,4,tagihan
MULTIVITAMIN,6,kesehatan
Top Up FF,5,hiburan
First Media,4,tagihan
BOWLING,5,hiburan
Gym,5,hiburan
Cuci Baju,7,lain_lain
Komik,5,hiburan
Eclair,0,makanan
Formulir,7,lain_lain
Badminton,5,hiburan
Sedekah,7,lain_lain
Cappuccino,1,minuman
Tongseng,0,makanan
KOPI SUSU,1,minuman
TAGIHAN HP,4,tagihan
Kertas HVS,3,belanja
Vanilla Latte,1,minuman
Maxiv,2,transportasi
Stempel,7,lain_lain
Paket Data,4,tagihan
Vanilla Latte,1,minuman
*BPJS Kesehatan.,4,tagihan
KEBUN BINATANG,5,hiburan
Orange Juice,1,minuman
Stempel,7,lain_lain
Badminton,5,hiburan
Softener,3,belanja
Billiard,5,hiburan
2 Taro Latte,1,minuman
YouTube Premium,4,tagihan
Apple Music,4,tagihan
-CGV.,5,hiburan
Smoothie,1,minuman
PCR,6,kesehatan
Obat Diare,6,kesehatan
Microsof 365,4,tagihan
Kabel Data,3,belanja
Nasy Uduk,0,makanan
@ Biaya Periksa,6,kesehatan
Zakat,7,lain_lain
Wrap,0,makanan
Kebab,0,makanan
Badminton,5,hiburan
Lemonade,1,minuman
Kopi Mocha,1,minuman
Tikt Ma)uk,5,hiburan
Penggaris,3,belanja
Steam,5,hiburan
1xRok,3,belanja
Futsal,5,hiburan
Internet Bulanan,4,tagihan
Internet Bulanan,4,tagihan
Ice Crea,0,makanan
Ongkir,7,lain_lain
Penggaris,3,belanja
detergen,3,belanja
Isi Pulsa,4,tagihan
Ayam Kremes,0,makanan
OjekOnline,2,transportasi
Spotify,4,tagihan
PLN,4,tagihan
_Spotify*,4,tagihan
cat akrilik,5,hiburan
Pameran,5,hiburan
Yakult,1,minuman
Takoyaki,0,makanan
Print,7,lain_lain
#Vanilla Latte#,1,minuman
Tiekt Bus,2,transportasi
Air Mineral,1,minuman
Grab,2,transportasi
Macaron,0,makanan
Rapid Test,6,kesehatan
Dokter,6,kesehatan
*Parkir-,2,transportasi
MaximBike,2,transportasi
gosend,7,lain_lain
-Konsultasi Dokter.,6,kesehatan
Formulir,7,lain_lain
Bus,2,transportasi
Shopee,3,belanja
JNT,7,lain_lain
Pasta,0,makanan
Kimbap,0,makanan
Rapid Test,6,kesehatan
Billiard,5,hiburan
3xAmoxicillin,6,kesehatan
Bus,2,transportasi
Tiket Masuk,5,hiburan
Konsultasi Dokter,6,kesehatan
Biaya Pendaftaran,7,lain_lain
Power Bank,3,belanja
GoCar,2,transportasi
Kopi us,1,minuman
Paracetamol,6,kesehatan
#Isi Pulsa*,4,tagihan
Es Dawet,1,minuman
Cardigan,3,belanja
-Sampo-,3,belanja
_Bruschetta*,0,makanan
mouse,3,belanja
2 Klinik,6,kesehatan
nasi bakar,0,makanan
Bowling,5,hiburan
Metromini,2,transportasi
Iuran,4,tagihan
Udon,0,makanan
Tiket Bus,2,transportasi
2 Oolong Tea,1,minuman
nasi goreng seafood,0,makanan
KONTRAKAN,4,tagihan
pulsa,4,tagihan
JNT,7,lain_lain
Alat Musik,5,hiburan
KACAMATA,3,belanja
BLT,0,makanan
Masker,6,kesehatan
Parkir Motor,2,transportasi
_Grab#,2,transportasi
Telur Dadar,0,makanan
Bayar Kos,4,tagihan
Obat Batuk,6,kesehatan
Paracetamol,6,kesehatan
Konsultasi Dokter,6,kesehatan
Hoodie,3,belanja
cardigan,3,belanja
JNT,7,lain_lain
Sikat Gigi,3,belanja
KIMIA FARMA,6,kesehatan
Es Kelapa Muda,1,minuman
Shopee,3,belanja
Es Teh,1,minuman
Tagihan Listrik,4,tagihan
Cukur,7,lain_lain
Isi Bensin,2,transportasi
Sausage Bread,0,makanan
SPAGHETTI,0,makanan
maximbike,2,transportasi
Kacamata,3,belanja
PULPEN,3,belanja
Komik,5,hiburan
Scan,7,lain_lain
*Kupat Tahu.,0,makanan
Canva Pro,4,tagihan
Nasi Kuning,0,makanan
Servis Motor,2,transportasi
Data Internet,4,tagihan
Pizza roast,0,makanan
3xBBM,2,transportasi
Cookie,0,makanan
Gojek,2,transportasi
Microsoft 365,4,tagihan
_Mizone#,1,minuman
Tiket Event,5,hiburan
Busway,2,transportasi
2 Air PAM,4,tagihan
@ Gym,5,hiburan
Club Soda,1,minuman
EsbKoipsu,1,minuman
Biaya Kos,4,tagihan
Iuran Kelas,7,lain_lain
Kopi Americano,1,minuman
_Pertalite*,2,transportasi
tenis,5,hiburan
Hazelnut Latte,1,minuman
#Ongkir.,7,lain_lain
Masker,6,kesehatan
Anteraja,7,lain_lain
Caesar Salad,0,makanan
Commuter Line,2,transportasi
Strudel,0,makanan
Donasi,7,lain_lain
Earphone,3,belanja
Token Listrik,4,tagihan
Bioskop,5,hiburan
Kabel Data,3,belanja
Top Up Mobile Legends,5,hiburan
Lain-lain,7,lain_lain
GoSend,7,lain_lain
Ayam Kremes,0,makanan
Amoxicillin,6,kesehatan
TIKET KERETA,2,transportasi
TEXTBOOK,3,belanja
Sorbet,0,makanan
Sepatu,3,belanja
Firsq Med0a,4,tagihan
Salon,7,lain_lain
Strawberry Drink,1,minuman
Mocha,1,minuman
Minyak Kayu Putih,6,kesehatan
@ Canva Pro,4,tagihan
BIAYA KOS,4,tagihan
*Iuran Organisasi_,7,lain_lain
Waffle,0,makanan
Keyboard,3,belanja
tiket konser,5,hiburan
Sunscreen,3,belanja
Kopi Americano,1,minuman
Biaya Pendaftaran,7,lain_lain
Top Up Genshin,5,hiburan
Anteraja,7,lain_lain
ibuprofen,6,kesehatan
Cabut Gigi,6,kesehatan
Carame Macchiato,1,minuman
Baju,3,belanja
Pulpen,3,belanja
Netflix,4,tagihan
YouTube Premium,4,tagihan
Kolam Renang,5,hiburan
Apple Juice,1,minuman
le mineral,1,minuman
Top Up Genshin,5,hiburan
zakat,7,lain_lain
Spotify,4,tagihan
Cuci Baju,7,lain_lain
Transjakarta,2,transportasi
ONGKIR,7,lain_lain
Map Plastik,3,belanja
Apotek,6,kesehatan
.Sepatu_,3,belanja
a(icpo,1,minuman
Guardia,6,kesehatan
Air PAM,4,tagihan
Iced Latte,1,minuman
First Media,4,tagihan
Servis Motor,2,transportasi
IBUPROFEN,6,kesehatan
Jus Jambu,1,minuman
folder,3,belanja
YouTube Premium,4,tagihan
Cap Cay,0,makanan
Cardigan,3,belanja
Metromini,2,transportasi
Infaq,7,lain_lain
GrabExpress,7,lain_lain
BUS,2,transportasi
TOKEN LISTRIK,4,tagihan
Puskesmas,6,kesehatan
Hazelnut Latte,1,minuman
Chicken Wing,0,makanan
Sedekah,7,lain_lain
Kemeja,3,belanja
Kimia Farma,6,kesehatan
Kwetiau,0,makanan
Rumah Sakit,6,kesehatan
3xIsi Pulsa,4,tagihan
*Microsoft 365.,4,tagihan
Onion Ring,0,makanan
Badminton,5,hiburan
_Iuran_,4,tagihan
#Isi Pulsa-,4,tagihan
Parkir Mobil,2,transportasi
Minyak Kayu Putih,6,kesehatan
3xKemeja,3,belanja
TENIS,5,hiburan
Pepperimnt Tea,1,minuman
Pasta Gig,3,belanja
Futsal,5,hiburan
Deodoran,3,belanja
Hotdog,0,makanan
_Obat Diare#,6,kesehatan
Minya Kayu Putih,6,kesehatan
Damri,2,transportasi
Sewa Kos,4,tagihan
Chamomile,1,minuman
Festival,5,hiburan
Biaya Transfer,7,lain_lain
SICEPAT,7,lain_lain
Vanilla Latte,1,minuman
2 UC PUBG,5,hiburan
CUCI BAJU,7,lain_lain
Patungan,7,lain_lain
Paracetamol,6,kesehatan
Mineral Water,1,minuman
Wahana,5,hiburan
Bwlinq,5,hiburan
Mikrolet,2,transportasi
etris Parkir,2,transportasi
Buku Kuliah,3,belanja
Nasi Goreng Kampung,0,makanan
Laundry,7,lain_lain
Nonton Film,5,hiburan
3xBrown Sugar,1,minuman
Minyak Kayu Putih,6,kesehatan
Konsultas Dokter,6,kesehatan
sedekah,7,lain_lain
#Patungan_,7,lain_lain
Wrap,0,makanan
FESTIVAL,5,hiburan
Kupat Tahu,0,makanan
Alat Musik,5,hiburan
Resep Dokte,6,kesehatan
_Kacamata-,3,belanja
Jus Semangka,1,minuman
Adobe,4,tagihan
Lab Kesehatan,6,kesehatan
Earphone,3,belanja
FRIES,0,makanan
Kereta Api,2,transportasi
Parkir Motor,2,transportasi
Caesar Salad,0,makanan
3xAir Kelapa,1,minuman
Wrap,0,makanan
Nas Goreng,0,makanan
#Tiket Bus-,2,transportasi
PDAM,4,tagihan
Spidol,3,belanja
Ramune,1,minuman
Onion Ring,0,makanan
dompet,3,belanja
IndiHome,4,tagihan
Nasi Kuning,0,makanan
Canva Pro,4,tagihan
Sausage Bread,0,makanan
Macchiato,1,minuman
Map Plastik,3,belanja
RISOL,0,makanan
Obat Maag,6,kesehatan
Dokter Gigi,6,kesehatan
CGV,5,hiburan
Badminton,5,hiburan
OjekOnline,2,transportasi
Jus Melon,1,minuman
2 Taksi Online,2,transportasi
Folder,3,belanja
Ganti Oli,2,transportasi
Gym,5,hiburan
tenis,5,hiburan
Nonton Film,5,hiburan
Batagor,0,makanan
Taman Bermain,5,hiburan
VOUCHER GAME,5,hiburan
Map Plastik,3,belanja
gosend,7,lain_lain
Kopi Espresso,1,minuman
Top Up PUBG,5,hiburan
Ayam Geprek,0,makanan
#Kertas HVS.,3,belanja
#ATM*,7,lain_lain
XXI,5,hiburan
Grab,2,transportasi
ojek,2,transportasi
2 Top Up Game,5,hiburan
Kuota Interne,4,tagihan
Rumah Sakit,6,kesehatan
Kolam Renang,5,hiburan
PisangaGoerng,0,makanan
TIKET KRL,2,transportasi
Fotokopi,7,lain_lain
Biaya Transfer,7,lain_lain
Pulpen,3,belanja
Tiket Konser,5,hiburan
Kopi Aren,1,minuman
Pocari Sweat,1,minuman
*Salon-,7,lain_lain
Lemon Tea,1,minuman
Mouse,3,belanja
Mouse,3,belanja
Flashdik,3,belanja
Ojek,2,transportasi
Zakat,7,lain_lain
JNT,7,lain_lain
KONSULTASI DOKTER,6,kesehatan
@ Le Mineral,1,minuman
Stabilo,3,belanja
Taman Bermain,5,hiburan
Brown Sugar,1,minuman
*Token Listrik#,4,tagihan
Billiard,5,hiburan
Tagihan Air,4,tagihan
Spidol,3,belanja
Cookie,0,makanan
Egg Tar,0,makanan
Buku Catatan,3,belanja
Guardian,6,kesehatan
Tas,3,belanja
Beef Bowl,0,makanan
Gelato,0,makanan
MASKER,6,kesehatan
Mil Tea,1,minuman
fitness,5,hiburan
Festival,5,hiburan
XXI,5,hiburan
Transjakarta,2,transportasi
Pameran,5,hiburan
_PDAM*,4,tagihan
_Kemeja-,3,belanja
Lain-lain,7,lain_lain
MRT,2,transportasi
bowling,5,hiburan
Paket Data,4,tagihan
Kacamata,6,kesehatan
Guardian,6,kesehatan
PLN,4,tagihan
KOPI HITAM,1,minuman
Legalisir,7,lain_lain
cinepolis,5,hiburan
CAT AKRILIK,5,hiburan
Nasi Bkar,0,makanan
PLN,4,tagihan
Kacamata,6,kesehatan
1xParacetamol,6,kesehatan
Lain-lain,7,lain_lain
Rese D8kter,6,kesehatan
GraCar,2,transportasi
-Sparkling Water_,1,minuman
Cuci Baju,7,lain_lain
3xCalpico,1,minuman
2 Greek Salad,0,makanan
milk tea,1,minuman
Transfer,7,lain_lain
Paket Dai(,4,tagihan
First Media,4,tagihan
aTsi Olnine,2,transportasi
TIKET MRT,2,transportasi
suplemen,6,kesehatan
Gelang,3,belanja
.Apotek*,6,kesehatan
2 Resep Dokter,6,kesehatan
_Pembalut-,3,belanja
paracetamol,6,kesehatan
bpjs kesehatan,4,tagihan
XXI,5,hiburan
Nasi Uduk,0,makanan
Bioskop,5,hiburan
Setrika,7,lain_lain
-Ojek-,2,transportasi
Prakir Mobil,2,transportasi
Fitness,5,hiburan
Potong Rambut,7,lain_lain
Guardian,6,kesehatan
Tike Pesawat,2,transportasi
Gnocchi,0,makanan
-Top Up Game-,5,hiburan
Obat Batuk,6,kesehatan
SIKAT GIGI,3,belanja
Alat Musik,5,hiburan
Vanilla Latt,1,minuman
Parki Motor,2,transportasi
Buku Novel,5,hiburan
Telu Dadar,0,makanan
PLN,4,tagihan
3xNachos,0,makanan
GrabBike,2,transportasi
Tiramisu,0,makanan
COLD BREW,1,minuman
Chocolate Cake,0,makanan
Betadine,6,kesehatan
Makan Siang,0,makanan
Dompet,3,belanja
Internet Bulanan,4,tagihan
Sweater,3,belanja
Paracetamol,6,kesehatan
obat sakit kepala,6,kesehatan
Internet Bulanan,4,tagihan
Earl Grey,1,minuman
MaximCar,2,transportasi
*Commuter Line.,2,transportasi
#Teh Tarik*,1,minuman
Lab Kesehatan,6,kesehatan
Kopi Dalgona,1,minuman
Es Kopi Susu,1,minuman
2 Obat Sakit Kepala,6,kesehatan
OjeOnline,2,transportasi
Commuter Line,2,transportasi
Strawberry Drink,1,minuman
UC PUBG,5,hiburan
FIRST MEDIA,4,tagihan
Dress,3,belanja
WiFi,4,tagihan
orange juice,1,minuman
3xIuran Organisasi,7,lain_lain
DISNEY PLUS,4,tagihan
Iuran Kelas,7,lain_lain
Guradian,6,kesehatan
Pretzel,0,makanan
XXI,5,hiburan
Biaya Periksa,6,kesehatan
3xTagihan Telepon,4,tagihan
Kimbap,0,makanan
TIKET MRT,2,transportasi
LRT,2,transportasi
Nasi Ayam Geprek,0,makanan
Uang Kos,4,tagihan
GoSend,7,lain_lain
PDAM,4,tagihan
tiket wisata,5,hiburan
@ Kacamata,3,belanja
Pocari Sweat,1,minuman
KRL,2,transportasi
Galbi,0,makanan
APPLE MUSIC,4,tagihan
_Asuransi#,4,tagihan
Kaos,3,belanja
Ramyeon,0,makanan
TOP UP GAME,5,hiburan
Tiket Pesawat,2,transportasi
Bowling,5,hiburan
Iuran Organisasi,7,lain_lain
Dumpling,0,makanan
Nonton Film,5,hiburan
Vanilla Latte,1,minuman
Karaoke,5,hiburan
Pameran,5,hiburan
BUKU KULIAH,3,belanja
Nasi Putih,0,makanan
TEH TARIK,1,minuman
Es Kelapa Muda,1,minuman
Le Mineral,1,minuman
2xEclair,0,makanan
Pasta Gigi,3,belanja
Kemeja,3,belanja
LRT,2,transportasi
Jus Jeruk,1,minuman
Uang Kos,4,tagihan
2xOvaltine,1,minuman
Wahana,5,hiburan
Tiket Event,5,hiburan
TOP UP FF,5,hiburan
Multivitamin,6,kesehatan
TAGIHAN HP,4,tagihan
Lemonade,1,minuman
Wonton,0,makanan
grabbike,2,transportasi
@ IndiHome,4,tagihan
bayar kos,4,tagihan
Sandwich,0,makanan
BBM,2,transportasi
TOP UP MOBILE LEGENDS,5,hiburan
ibuprofen,6,kesehatan
commuter line,2,transportasi
Top Up PUBG,5,hiburan
GoSend,7,lain_lain
Guardian,6,kesehatan
cold brew,1,minuman
Ogko3 irmi,7,lain_lain
*UC PUBG-,5,hiburan
Latte,1,minuman
CANVA PRO,4,tagihan
BUKU CATATAN,3,belanja
@ Americano,1,minuman
Tteokbokki,0,makanan
Mineral Water,1,minuman
Bowling,5,hiburan
Microsoft 365,4,tagihan
Top Up PUBG,5,hiburan
#Chips_,0,makanan
Matcha Latte,1,minuman
E-Toll,2,transportasi
Komik,5,hiburan
_XXI_,5,hiburan
Biay Periksa,6,kesehatan
2 Obat Flu,6,kesehatan
Roti Bakar,0,makanan
Sandal,3,belanja
Chicken Wing,0,makanan
Good Day,1,minuman
buku novel,5,hiburan
Sampo,3,belanja
Tiket Pesawat,2,transportasi
Nasi Uduk,0,makanan
ROK,3,belanja
_Sewa Kos.,4,tagihan
Netflix,4,tagihan
Nasi Warteg,0,makanan
Mo)il gnline,2,transportasi
KARAOKE,5,hiburan
Folder,3,belanja
oKlap Renagm,5,hiburan
Tagihan WiFi,4,tagihan
isi pulsa,4,tagihan
Biaya Admin,4,tagihan
Tiket Event,5,hiburan
Kuota Internet,4,tagihan
Karaoe,5,hiburan
Kopi Latte,1,minuman
Tiket Bioskop,5,hiburan
Topi,3,belanja
@ Jjajangmyeon,0,makanan
Piz2 aToast,0,makanan
First Media,4,tagihan
Jaket,3,belanja
Pisang Goreng,0,makanan
Voucher Game,5,hiburan
Diamond ML,5,hiburan
Chicken Wing,0,makanan
_Air PAM*,4,tagihan
Anteraja,7,lain_lain
_Betadine#,6,kesehatan
Jjajangmyeon,0,makanan
Kopi Susu Kolonel,1,minuman
Dokter,6,kesehatan
Gym,5,hiburan
Betadine,6,kesehatan
Multivitamin,6,kesehatan
Parkir Motor,2,transportasi
Damri,2,transportasi
Ayam Penyet,0,makanan
Taksi Online,2,transportasi
Ongkir,7,lain_lain
Kopi Gula Aren,1,minuman
.BPJS Kesehatan*,4,tagihan
Pertalite,2,transportasi
Billiard,5,hiburan
hazelnut latte,1,minuman
Top9Up lUBG,5,hiburan
Print,7,lain_lain
Vitamin C,6,kesehatan
komik,5,hiburan
Uang Kos,4,tagihan
Bowling,5,hiburan
soba,0,makanan
Orange Juice,1,minuman
Parkir Motor,2,transportasi
.Kabel Data.,3,belanja
GrabExpress,7,lain_lain
Caramel Micihato,1,minuman
Billiard,5,hiburan
Buk Novel,5,hiburan
PCR,6,kesehatan
Patungan,7,lain_lain
Caramel Macchiato,1,minuman
Materai,7,lain_lain
Tagihan Listrik,4,tagihan
Biaya Kos,4,tagihan
#Antasida#,6,kesehatan
MILK TEA,1,minuman
#Buku Novel_,5,hiburan
TOP UP GAME,5,hiburan
Transfer,7,lain_lain
Donut,0,makanan
Tokopedia,3,belanja
Mouse,3,belanja
transfer,7,lain_lain
2 Rapid Test,6,kesehatan
Power Bank,3,belanja
Lemon Tea,1,minuman
@ WiFi,4,tagihan
mie ayam,0,makanan
Tagihan HP,4,tagihan
Tiket Kereta,2,transportasi
JNE,7,lain_lain
Donasi,7,lain_lain
Badminton,5,hiburan
Calpico,1,minuman
Wahana,5,hiburan
jam tangan,3,belanja
TIKET PESAWAT,2,transportasi
Ibuprofen,6,kesehatan
Cinepolis,5,hiburan
Biaya Admin,4,tagihan
Oba Maag,6,kesehatan
Strudel,0,makanan
Obat Diare,6,kesehatan
1xMaximCar,2,transportasi
Tokopedia,3,belanja
Infaq,7,lain_lain
Kacamata,3,belanja
Cek Dara,6,kesehatan
Bioskop,5,hiburan
MICROSOFT 365,4,tagihan
Data Internet,4,tagihan
Kereta Api,2,transportasi
Kuota Internet,4,tagihan
1 Formulir,7,lain_lain
Baterai,3,belanja
APPLE JUICE,1,minuman
2xGreek Salad,0,makanan
Nescafe,1,minuman
setrika,7,lain_lain
Bk *luis,3,belanja
Dtergen,3,belanja
Red Vlvet,0,makanan
Power Bank,3,belanja
Kimbap,0,makanan
rBownS uuar,1,minuman
Kopi Americano,1,minuman
Laundry,7,lain_lain
Puskesmas,6,kesehatan
Buku Kuliah,3,belanja
doktr,6,kesehatan
1xToken Listrik,4,tagihan
Earphone,3,belanja
MRT,2,transportasi
Sandwich,0,makanan
PDAM,4,tagihan
Suplemen,6,kesehatan
Caramel Latte,1,minuman
.Obat Maag.,6,kesehatan
Biaya Pendaftaran,7,lain_lain
Parkir,2,transportasi
2 Iuran Organisasi,7,lain_lain
Kimbap,0,makanan
Commuter Line,2,transportasi
Dumpling,0,makanan
Headset,3,belanja
Potang3Ram(ut,7,lain_lain
top up mobile legends,5,hiburan
BADMINTON,5,hiburan
netflix,4,tagihan
Belanja Online,3,belanja
Buku Catatan,3,belanja
VANILLA LATTE,1,minuman
Rok,3,belanja
Iuran,4,tagihan
MaximBike,2,transportasi
Internet Bulanan,4,tagihan
*Grab*,2,transportasi
Mizone,1,minuman
Tiket Konser,5,hiburan
Nasi Liwet,0,makanan
GoSend,7,lain_lain
Multivitamin,6,kesehatan
Nasi Liwet,0,makanan
@ Lab Kesehatan,6,kesehatan
@ Lab Kesehatan,6,kesehatan
Busway,2,transportasi
CGV,5,hiburan
Pembalut,3,belanja
Tas,3,belanja
Carpaccio,0,makanan
Pasta Gg6,3,belanja
Topi,3,belanja
Buk Kuliah,3,belanja
Muffin,0,makanan
Kacamata,6,kesehatan
Tagihan Air,4,tagihan
Kimia Farma,6,kesehatan
ANTASIDA,6,kesehatan
CGV,5,hiburan
buku catatan,3,belanja
Servi M$tor,2,transportasi
Dokter,6,kesehatan
Wahana,5,hiburan
Iuran Kelas,7,lain_lain
Data Internet,4,tagihan
1xBayar Kos,4,tagihan
Buku Tulis,3,belanja
zopi Latte,1,minuman
Maxim,2,transportasi
Steak,0,makanan
Sikat Gigi,3,belanja
GrabBike,2,transportasi
Keyboard,3,belanja
Karaoke,5,hiburan
Isi Bensin,2,transportasi
Noodle,0,makanan
VANILLA LATTE,1,minuman
Buku Novel,5,hiburan
Hoodie,3,belanja
Top Up FF,5,hiburan
Bus,2,transportasi
XXI,5,hiburan
kontrakan,4,tagihan
Penggaris,3,belanja
youtube premium,4,tagihan
Token Listrik,4,tagihan
Es Dawet,1,minuman
_Jaket_,3,belanja
Top Up FF,5,hiburan
.Tagihan Listrik#,4,tagihan
Chicken Wing,0,makanan
Ongkir,7,lain_lain
Print,7,lain_lain
Tike KRL,2,transportasi
Tiramisu,0,makanan
Nasi Goreng,0,makanan
Kacamata,6,kesehatan
Carrot Cake,0,makanan
Isv Pulsa,4,tagihan
*Oolong Tea-,1,minuman
tenis,5,hiburan
Cat Akrilik,5,hiburan
Textbook,3,belanja
Topi,3,belanja
Energen,1,minuman
Tol,2,transportasi
Tiket Bioskop,5,hiburan
Rumah Sakit,6,kesehatan
Gym,5,hiburan
Konsultasi Dokter,6,kesehatan
pulsa,4,tagihan
.Lab Kesehatan.,6,kesehatan
Pertalite,2,transportasi
Kopi Susu,1,minuman
Iuran Organisasi,7,lain_lain
Nugget,0,makanan
Shopee,3,belanja
Jjajangmyeon,0,makanan
TOP UP MOBILE LEGENDS,5,hiburan
Nachos,0,makanan
Detergen,3,belanja
Nasi Ayam Geprek,0,makanan
maximcar,2,transportasi
Buku Novel,5,hiburan
Japchae,0,makanan
Pisang Goreng,0,makanan
Cabut Gigi,6,kesehatan
SALON,7,lain_lain
Top Up PUBG,5,hiburan
Ric Bowl,0,makanan
.Mineral Water#,1,minuman
-Biaya Pendaftaran.,7,lain_lain
3xKaraoke,5,hiburan
Ibuprofen,6,kesehatan
2 Flashdisk,3,belanja
Isi Pulsa,4,tagihan
Kereta Api,2,transportasi
-Laundry-,7,lain_lain
.Fitness.,5,hiburan
_Zakat_,7,lain_lain
*Caesar Salad.,0,makanan
#Sweater.,3,belanja
Power Bank,3,belanja
apotek,6,kesehatan
Obat Maag,6,kesehatan
Taksi Online,2,transportasi
2 Cinepolis,5,hiburan
Hansaplast,6,kesehatan
GUARDIAN,6,kesehatan
Biaya Kos,4,tagihan
Billiard,5,hiburan
asta,0,makanan
KOMIK,5,hiburan
Lain-lain,7,lain_lain
1 Pembalut,3,belanja
Milk Tea,1,minuman
2xSteam,5,hiburan
Hoodie,3,belanja
festival,5,hiburan
Anteraja,7,lain_lain
-Kopi Mocha_,1,minuman
Tiket MRT,2,transportasi
Jus Semangka,1,minuman
Internet Bulanan,4,tagihan
3xIsi Bensin,2,transportasi
PCR,6,kesehatan
_Milkshake_,1,minuman
ayam bakar,0,makanan
cuci baju,7,lain_lain
Amoxicillin,6,kesehatan
Freid Rice,0,makanan
PDAM,4,tagihan
Transjakarta,2,transportasi
1xHazelnut Latte,1,minuman
PLN,4,tagihan
Microsoft 365,4,tagihan
ANTERAJA,7,lain_lain
Ayam Kremes,0,makanan
Pulsa,4,tagihan
-Tagihan Listrik-,4,tagihan
Chicken Bowl,0,makanan
Tenis,5,hiburan
Internet Bulanan,4,tagihan
Top Up Mobile Legends,5,hiburan
Tiket Bioskop,5,hiburan
STEAM,5,hiburan
laundry,7,lain_lain
Paracetamol,6,kesehatan
Milk Tea,1,minuman
Sampo,3,belanja
TEXTBOOK,3,belanja
maximcar,2,transportasi
Transfer,7,lain_lain
teh susu,1,minuman
Softlens,6,kesehatan
CUP UBG,5,hiburan
Sandal,3,belanja
JNE,7,lain_lain
GoRide,2,transportasi
KOPI DALGONA,1,minuman
Cuc iBa0u,7,lain_lain
Ibuprofen,6,kesehatan
Teh Susu,1,minuman
Parkie Moto,2,transportasi
_Taman Bermain.,5,hiburan
ADOBE,4,tagihan
PARKIR MOTOR,2,transportasi
Parfait,0,makanan
Nasi Goreng Spesial,0,makanan
Lemonade,1,minuman
Parkir Motor,2,transportasi
Disney Plu,4,tagihan
Commuter Line,2,transportasi
Alat Musik,5,hiburan
Air Mineral,1,minuman
_Paket Nasi Ayam.,0,makanan
Kolam Renang,5,hiburan
Lychee Drink,1,minuman
Hotdog,0,makanan
Buku Nove,5,hiburan
Komik,5,hiburan
Kontrakan,4,tagihan
AppleJ uice,1,minuman
Tiket Pesawat,2,transportasi
Alat Musik,5,hiburan
Tagihan HP,4,tagihan
Sausage Brea,0,makanan
Bensin,2,transportasi
Tambal Gigi,6,kesehatan
Lumpia,0,makanan
3xKopi Instan,1,minuman
Milkshake,1,minuman
JNE,7,lain_lain
Tambal Gigi,6,kesehatan
IndiHome,4,tagihan
Fries,0,makanan
E-Toll,2,transportasi
Minyak Kayu Putih,6,kesehatan
2 Muffin,0,makanan
Apotek,6,kesehatan
Aljt Musbk,5,hiburan
_Es Buah-,1,minuman
Gojek,2,transportasi
XXI,5,hiburan
_Ayam Kremes-,0,makanan
1 Apple Music,4,tagihan
Futsal,5,hiburan
data internet,4,tagihan
@ Buku Kuliah,3,belanja
1 Milkshake,1,minuman
1 Formulir,7,lain_lain
Scan,7,lain_lain
Chickea Wi(g,0,makanan
Cuci Baju,7,lain_lain
Vitamin C,6,kesehatan
2xGanti Oli,2,transportasi
Es Campur,1,minuman
Biaya Kos,4,tagihan
DOMPET,3,belanja
air mineral,1,minuman
Tiket MRT,2,transportasi
@ Buku Catatan,3,belanja
*Anteraja*,7,lain_lain
#Tagihan Telepon.,4,tagihan
CALPICO,1,minuman
Lab Kesehatan,6,kesehatan
frappe,1,minuman
Scan,7,lain_lain
BBQ Chicken,0,makanan
Bensin,2,transportasi
Iuran,4,tagihan
Top Up Genshin,5,hiburan
First Media,4,tagihan
Donasi,7,lain_lain
WiFi,4,tagihan
Print,7,lain_lain
3xIuran Kelas,7,lain_lain
OVALTINE,1,minuman
Canva Pro,4,tagihan
Brown Sugar Latte,1,minuman
.Nasi Goreng.,0,makanan
Hazelnut Latte,1,minuman
3xFries,0,makanan
Kopi Hitam,1,minuman
TIKET BIOSKOP,5,hiburan
Nasi Putih,0,makanan
Tiket Kereta,2,transportasi
Paket Data,4,tagihan
3xMasker,6,kesehatan
Biaya Pendaftaran,7,lain_lain
Bowling,5,hiburan
Top Up Mobile Legends,5,hiburan
Tiket Konser,5,hiburan
GANTI OLI,2,transportasi
Sandwich,0,makanan
GYM,5,hiburan
Kwetiau,0,makanan
Legalisir,7,lain_lain
UC PUBG,5,hiburan
PASTA GIGI,3,belanja
Grab,2,transportasi
Bayar Listrik,4,tagihan
Belanja Onlin,3,belanja
Cukur,7,lain_lain
NESCAFE,1,minuman
Kimia Farma,6,kesehatan
Brown Sugar Latte,1,minuman
Salon,7,lain_lain
2 UC PUBG,5,hiburan
Udon,0,makanan
Tiket Kereta,2,transportasi
Fotokopi,7,lain_lain
Kebun Binatang,5,hiburan
Kontrakan,4,tagihan
taman bermain,5,hiburan
Tagiha Air,4,tagihan
Gelang,3,belanja
Masker,6,kesehatan
Potong Rambut,7,lain_lain
Patungan,7,lain_lain
Uang Kos,4,tagihan
PLN,4,tagihan
Obat Sakit Kepala,6,kesehatan
spidol,3,belanja
Tiket Pesawat,2,transportasi
Hoodie,3,belanja
#Obat Batuk-,6,kesehatan
Angkot,2,transportasi
Tempura,0,makanan
Top Up PUBG,5,hiburan
Softlens,6,kesehatan
es buah,1,minuman
CGV,5,hiburan
Pembalut,3,belanja
Infaq,7,lain_lain
Iuran Organisasi,7,lain_lain
Alat Musik,5,hiburan
Taman Bermain,5,hiburan
Pertalite,2,transportasi
keyboard,3,belanja
Aqua,1,minuman
Tiket Pesawat,2,transportasi
Cheeescaek,0,makanan
Amoxicillin,6,kesehatan
Mouse,3,belanja
Servis Moto,2,transportasi
Greek Salad,0,makanan
Transfer,7,lain_lain
Nonton Film,5,hiburan
1xBiaya Pendaftaran,7,lain_lain
tas,3,belanja
Adobe,4,tagihan
Futsal,5,hiburan
Pecel Lele,0,makanan
Administrasi,4,tagihan
keyboard,3,belanja
Amoxicillin,6,kesehatan
oodlg,0,makanan
2 Paket Nasi Ayam,0,makanan
SPBU,2,transportasi
Es Buah,1,minuman
Ganti Oli,2,transportasi
Deodoran,3,belanja
E seKlapaMuda,1,minuman
*Administrasi*,4,tagihan
cgv,5,hiburan
French Toast,0,makanan
Teh Tari,1,minuman
1xNasi Ayam,0,makanan
Cinepolis,5,hiburan
Isi Bensin,2,transportasi
legalisir,7,lain_lain
Voucher Game,5,hiburan
Sorbet,0,makanan
1xAdobe,4,tagihan
Lain-lain,7,lain_lain
Top Up Genshin,5,hiburan
Tagihan Air,4,tagihan
-Biaya Periksa#,6,kesehatan
1xTiket Masuk,5,hiburan
3xTiket Bus,2,transportasi
Co5muter Line,2,transportasi
Bulgogi,0,makanan
Ayam Bakar,0,makanan
Boba,1,minuman
Kimia Farma,6,kesehatan
ATM,7,lain_lain
SUPLEMEN,6,kesehatan
Jus Semangk,1,minuman
Kowi Espe%so,1,minuman
MINERAL WATER,1,minuman
Billiard,5,hiburan
Sandwich,0,makanan
IBUPROFEN,6,kesehatan
Ongkir,7,lain_lain
Tike Bioskop,5,hiburan
Cuci Baju,7,lain_lain
Nasi Padang,0,makanan
Tisu,3,belanja
Netflix,4,tagihan
Futsal,5,hiburan
NASI BAKAR,0,makanan
Deodoran,3,belanja
Wonton,0,makanan
rok,3,belanja
Salon,7,lain_lain
Pecel Lele,0,makanan
GELANG,3,belanja
Es Cendol,1,minuman
_Canva Pro_,4,tagihan
JNT,7,lain_lain
cat akrilik,5,hiburan
cukur,7,lain_lain
Tagihan Air,4,tagihan
Futsal,5,hiburan
Parkir,2,transportasi
JILID,7,lain_lain
Tenis,5,hiburan
2xKuota Internet,4,tagihan
Frappe,1,minuman
NE,7,lain_lain
Kolam Renang,5,hiburan
Penggaris,3,belanja
SARAPAN,0,makanan
@ PDAM,4,tagihan
Es Dawet,1,minuman
blt,0,makanan
Softlens,6,kesehatan
CABUT GIGI,6,kesehatan
Apple Music,4,tagihan
Angkot,2,transportasi
1xDisney Plus,4,tagihan
Cabut Gigi,6,kesehatan
Laundry,7,lain_lain
Sikat Gigi,3,belanja
LAB KESEHATAN,6,kesehatan
Tiket MRT,2,transportasi
Biaya Kos,4,tagihan
Siomay,0,makanan
Multivitamin,6,kesehatan
Lampu,3,belanja
Detergen,3,belanja
2xTambal Gigi,6,kesehatan
Vitamin D,6,kesehatan
Sandal,3,belanja
youtube premium,4,tagihan
Pink Lemonade,1,minuman
Minyak Kayu Putih,6,kesehatan
Jilid,7,lain_lain
Taman Bermain,5,hiburan
FOTOKOPI,7,lain_lain
Pensil,3,belanja
Kopi Mocha,1,minuman
@ Bibimbap,0,makanan
Parkir Mobi,2,transportasi
Keret Api,2,transportasi
Tol,2,transportasi
*Tambal Gigi*,6,kesehatan
2xNasi Uduk,0,makanan
esival,5,hiburan
Ongkir,7,lain_lain
3xFotokopi,7,lain_lain
Biaya Pendaftaran,7,lain_lain
OjekOnline,2,transportasi
kopi susu,1,minuman
PASTA,0,makanan
Maxim,2,transportasi
Kebun Binatan,5,hiburan
Bowling,5,hiburan
Risotot,0,makanan
suplemen,6,kesehatan
Legalisir,7,lain_lain
Cabut Gigi,6,kesehatan
Vanilla Latte,1,minuman
Apple Music,4,tagihan
Sikat Gigi,3,belanja
Sweater,3,belanja
Mocha,1,minuman
Muffin,0,makanan
Ongkos Kirim,7,lain_lain
Fitness,5,hiburan
Pembalut,3,belanja
Earphone,3,belanja
Kuota Internet,4,tagihan
YouTube Prpium,4,tagihan
INTERNET BULANAN,4,tagihan
Biaya Transfer,7,lain_lain
.Lain-lain.,7,lain_lain
Stte Kambing,0,makanan
_Antasida_,6,kesehatan
Potn Ramb,7,lain_lain
GrabBike,2,transportasi
Cukur,7,lain_lain
Kontrakan,4,tagihan
2xJNT,7,lain_lain
Cabut Gigi,6,kesehatan
STEMPEL,7,lain_lain
Gelang,3,belanja
Peran,5,hiburan
Kuot Internet,4,tagihan
Netflix,4,tagihan
youtube premium,4,tagihan
2 First Media,4,tagihan
Jam Tangan,3,belanja
Multivitamin,6,kesehatan
.Bayar Kos.,4,tagihan
#PDAM*,4,tagihan
Charger,3,belanja
KOPI ESPRESSO,1,minuman
Pensil,3,belanja
Teh Susu,1,minuman
Baterai,3,belanja
Gnocchi,0,makanan
*Mikrolet.,2,transportasi
spotify,4,tagihan
Pink Ltmoande,1,minuman
Brownie,0,makanan
Sarapan,0,makanan
lensa kontak,6,kesehatan
Carrot Cake,0,makanan
Lensa Konakt,6,kesehatan
Nonton Film,5,hiburan
oC$r,2,transportasi
Batagor,0,makanan
Data Internet,4,tagihan
Softlens,6,kesehatan
@ Le Mineral,1,minuman
OabtDrae,6,kesehatan
Gojek,2,transportasi
Taro Latte,1,minuman
Biaya Berobat,6,kesehatan
2xCanva Pro,4,tagihan
Steam,5,hiburan
Nachos,0,makanan
1 Gulai,0,makanan
Charger,3,belanja
Tiket Wisata,5,hiburan
Top Up PUBG,5,hiburan
2 Mushroom Soup,0,makanan
Obat Diare,6,kesehatan
Iced Latte,1,minuman
Pkaet Heta,0,makanan
PERTAMAX,2,transportasi
Ayam Bakar,0,makanan
Lavender Latte,1,minuman
Setrika,7,lain_lain
Kontrakan,4,tagihan
red velvet,0,makanan
3xTiket Wisata,5,hiburan
Angkot,2,transportasi
Materai,7,lain_lain
TajsiOnline,2,transportasi
Burger,0,makanan
Teh Mani,1,minuman
Transjakarta,2,transportasi
Soba,0,makanan
Paket Hemat,0,makanan
Kopi Hitam,1,minuman
buku tulis,3,belanja
hazelnut latte,1,minuman
Patungan,7,lain_lain
Cabut Gigi,6,kesehatan
Komik,5,hiburan
Servis Motor,2,transportasi
ZAKAT,7,lain_lain
Cold Brew,1,minuman
Futsal,5,hiburan
ganache,0,makanan
1xChicken Bowl,0,makanan
Internet Bulanan,4,tagihan
telur ceplok,0,makanan
Kolam Renang,5,hiburan
pertamax,2,transportasi
.Tiket Pesawat#,2,transportasi
Infaq,7,lain_lain
Pretzel,0,makanan
-Lampu.,3,belanja
Banana Bread,0,makanan
Teh Manis,1,minuman
Buku Tulis,3,belanja
Cappuccino,1,minuman
KRL,2,transportasi
Print,7,lain_lain
3xJus Alpukat,1,minuman
Adobe,4,tagihan
WiFi,4,tagihan
Adobe,4,tagihan
Minyak Kayu Putih,6,kesehatan
Patungan,7,lain_lain
Gado-Gado,0,makanan
Netflix,4,tagihan
3xBowling,5,hiburan
Gado-Gado,0,makanan
Salon,7,lain_lain
AMOXICILLIN,6,kesehatan
Cold Brew,1,minuman
BPJS Kesehatan,4,tagihan
#Gado-Gado#,0,makanan
Infaq,7,lain_lain
Top Up Game,5,hiburan
Eclair,0,makanan
Scan,7,lain_lain
Obat Sakit Kepala,6,kesehatan
Tmabal Gigi,6,kesehatan
Skincare,3,belanja
-Kopi Gula Aren-,1,minuman
Biaya Periksa,6,kesehatan
Print,7,lain_lain
#Grab*,2,transportasi
Lemon Tea,1,minuman
Biaya Kos,4,tagihan
Obat Maag,6,kesehatan
Pensil,3,belanja
Taman Bermain,5,hiburan
Bay Listrik,4,tagihan
GoRide,2,transportasi
Top Up Game,5,hiburan
WiFi,4,tagihan
MILKSHAKE,1,minuman
KRL,2,transportasi
_Textbook-,3,belanja
JNT,7,lain_lain
Diamond ML,5,hiburan
3xNasi Goreng Kampung,0,makanan
PEMBALUT,3,belanja
Es Teh,1,minuman
Kacamata,6,kesehatan
Headset,3,belanja
Celana,3,belanja
Pisang Goreng,0,makanan
_YouTube Premium_,4,tagihan
Print,7,lain_lain
Fotokopi,7,lain_lain
Legalisir,7,lain_lain
YouTube Premium,4,tagihan
Mobil Online,2,transportasi
1xOjek,2,transportasi
2xTaman Bermain,5,hiburan
Voucher Game,5,hiburan
Diamond ML,5,hiburan
PCR,6,kesehatan
.Smoothie#,1,minuman
COLD BREW,1,minuman
festival,5,hiburan
2xAntasida,6,kesehatan
SEWA KOS,4,tagihan
1 Ramyeon,0,makanan
1 Nasi Box,0,makanan
YouTube Premium,4,tagihan
1 Penggaris,3,belanja
Khinik,6,kesehatan
Multivitamin,6,kesehatan
PCR,6,kesehatan
Data Internet,4,tagihan
Asuransi,4,tagihan
Karaoke,5,hiburan
KEMEJA,3,belanja
-Air PAM_,4,tagihan
XXI,5,hiburan
Suplemen,6,kesehatan
1xApotek,6,kesehatan
Biaya Admin,4,tagihan
First Media,4,tagihan
Topi,3,belanja
Chicken Wing,0,makanan
CABUT GIGI,6,kesehatan
Netflix,4,tagihan
guardian,6,kesehatan
*Alat Musik_,5,hiburan
Iuran Organisasi,7,lain_lain
Lavender Latte,1,minuman
teh susu,1,minuman
BIAYA PENDAFTARAN,7,lain_lain
Tiket Event,5,hiburan
Kabel Data,3,belanja
Buku Kulia,3,belanja
Gelang,3,belanja
Voucher Game,5,hiburan
Retribusi Parkir,2,transportasi
SOFTENER,3,belanja
PCR,6,kesehatan
KOPI INSTAN,1,minuman
tiket pesawat,2,transportasi
ROTI BAKAR,0,makanan
Ovaltine,1,minuman
Kopi Dalgona,1,minuman
Disney Plus,4,tagihan
3xOrange Juice,1,minuman
Pameran,5,hiburan
Isi Bensin,2,transportasi
Top Up Mobile Legends,5,hiburan
-Suplemen#,6,kesehatan
_Latte-,1,minuman
Infaq,7,lain_lain
.Softlens.,6,kesehatan
Ovaltine,1,minuman
2 Lain-lain,7,lain_lain
PCR,6,kesehatan
.Gym-,5,hiburan
TAKSI ONLINE,2,transportasi
Aqua,1,minuman
*Kopi Susu-,1,minuman
_Dokter Gigi.,6,kesehatan
PLN,4,tagihan
Club Soda,1,minuman
MR%,2,transportasi
TAKOYAKI,0,makanan
_Futsal*,5,hiburan
tambal gigi,6,kesehatan
Asuransi,4,tagihan
3xHansaplast,6,kesehatan
Tiket Masuk,5,hiburan
2 Earphone,3,belanja
Zakat,7,lain_lain
Tol,2,transportasi
Metromini,2,transportasi
Kopi Latte,1,minuman
Deodoran,3,belanja
2 Kereta Api,2,transportasi
Obat Flu,6,kesehatan
Wah^na,5,hiburan
Cappuccino,1,minuman
Kopi Latte,1,minuman
Asuransi,4,tagihan
Udon,0,makanan
E-Toll,2,transportasi
top up game,5,hiburan
BUBBLE TEA,1,minuman
softlens,6,kesehatan
Diamond ML,5,hiburan
kemeja,3,belanja
ADOBE,4,tagihan
Espresso,1,minuman
Oat Sakit)Kepaa,6,kesehatan
Es Kopi Susu,1,minuman
Ongkir,7,lain_lain
KOPI AMERICANO,1,minuman
.Bayar Listrik_,4,tagihan
Suplemen,6,kesehatan
Tiket Kereta,2,transportasi
Bihun Goreng,0,makanan
Kupat Tah,0,makanan
Vanilla Latte,1,minuman
Dokter Gigi,6,kesehatan
Pasta,0,makanan
Ikan Goreng,0,makanan
Pertamax,2,transportasi
Brown Sugar Latt,1,minuman
Grab,2,transportasi
Busway,2,transportasi
Cinepolis,5,hiburan
_SiCepat_,7,lain_lain
POWER BANK,3,belanja
Multivitamin,6,kesehatan
Cabut Gigi,6,kesehatan
Nasi Bebek,0,makanan
GoRide,2,transportasi
Microsoft 365,4,tagihan
Flashdisk,3,belanja
Kacamata,3,belanja
Mouse,3,belanja
Klinik,6,kesehatan
Stempel,7,lain_lain
E-Toll,2,transportasi
GoSend,7,lain_lain
*Tiket Bioskop.,5,hiburan
mari,2,transportasi
Vitamin C,6,kesehatan
Biaya Pendaftaran,7,lain_lain
Gulai,0,makanan
IKAT PINGGANG,3,belanja
Servis Motor,2,transportasi
1xMaximBike,2,transportasi
Obat Diare,6,kesehatan
Hoodie,3,belanja
Angkot,2,transportasi
-Patungan.,7,lain_lain
1 Apotek,6,kesehatan
Laundry,7,lain_lain
Kebun Binatang,5,hiburan
Angkot,2,transportasi
Infaq,7,lain_lain
GoCar,2,transportasi
2xATM,7,lain_lain
Spotify,4,tagihan
Adobe,4,tagihan
TENIS,5,hiburan
3xCold Brew,1,minuman
LRT,2,transportasi
Gym,5,hiburan
OjekOnline,2,transportasi
Nasi Goreng Kampung,0,makanan
Biaya Admin,4,tagihan
3xNonton Film,5,hiburan
Top Up PUBG,5,hiburan
Tiket KRL,2,transportasi
Nasi Campur,0,makanan
Aqua,1,minuman
Materai,7,lain_lain
_Charger-,3,belanja
1 Iuran Organisasi,7,lain_lain
Spring Roll,0,makanan
INDIHOME,4,tagihan
Tike tWisata,5,hiburan
Lab Kesehata,6,kesehatan
Zakat,7,lain_lain
Internet Bulanan,4,tagihan
Masker,6,kesehatan
Biaya Transfer,7,lain_lain
Jus Alpukat,1,minuman
First Media,4,tagihan
*Cat Akrilik*,5,hiburan
Keyboard,3,belanja
Sabun,3,belanja
#Transfer*,7,lain_lain
Cap Cay,0,makanan
Mikrolet,2,transportasi
Cukur,7,lain_lain
2xTiket Event,5,hiburan
Klinik,6,kesehatan
Vanilla Latte,1,minuman
@ Nasi Bebek,0,makanan
Croissant,0,makanan
Lain-lain,7,lain_lain
_Kemeja-,3,belanja
_French Toast_,0,makanan
*Ongkir_,7,lain_lain
Gojek,2,transportasi
biaya periksa,6,kesehatan
Kacamata,6,kesehatan
Iced Americano,1,minuman
.Jajan_,7,lain_lain
Grab,2,transportasi
Tiket Event,5,hiburan
2 Alat Musik,5,hiburan
Hansaplast,6,kesehatan
GOCAR,2,transportasi
Hoodie,3,belanja
MaximBike,2,transportasi
LT,2,transportasi
Ongkos Kirim,7,lain_lain
BELANJA ONLINE,3,belanja
Transjakarta,2,transportasi
1 MaximBike,2,transportasi
Donasi,7,lain_lain
Ramune,1,minuman
Vitamin C,6,kesehatan
Brown Sugar Latte,1,minuman
PLN,4,tagihan
Metromini,2,transportasi
WiFi,4,tagihan
Roti Bakar,0,makanan
Taro Latte,1,minuman
Kacamata,3,belanja
Kaos,3,belanja
Dat Inetnret,4,tagihan
1 MaximCar,2,transportasi
antasida,6,kesehatan
Grab,2,transportasi
1 Data Internet,4,tagihan
-Token Listrik-,4,tagihan
commuter line,2,transportasi
Bibimbap,0,makanan
headset,3,belanja
Cek Darah,6,kesehatan
Nasi Putih,0,makanan
sate ayam,0,makanan
Garlic Bread,0,makanan
Tiket Bus,2,transportasi
Top Up Genshin,5,hiburan
Gojek,2,transportasi
Biaya Admin,4,tagihan
Ibuprofen,6,kesehatan
Tiket Pesawat,2,transportasi
Biaya Berobat,6,kesehatan
Teh 2oxol,1,minuman
Makan Siang,0,makanan
Lensa Konatk,6,kesehatan
Bayar Kos,4,tagihan
Jilid,7,lain_lain
Administrasi,4,tagihan
Patungan,7,lain_lain
Biaya Periksa,6,kesehatan
@ MRT,2,transportasi
2 Legalisir,7,lain_lain
MRT,2,transportasi
Flashdisk,3,belanja
cinepolis,5,hiburan
Nasi Goreng Kampun,0,makanan
Tagihan Listrik,4,tagihan
1xBayar Kos,4,tagihan
Voucher Gam,5,hiburan
MATERAI,7,lain_lain
Oba Flu,6,kesehatan
XXI,5,hiburan
@ Latte,1,minuman
Americano,1,minuman
Isi Pulsa,4,tagihan
Penggaris,3,belanja
Stempel,7,lain_lain
Tisu,3,belanja
Badminton,5,hiburan
Japchae,0,makanan
Nasi Pecel,0,makanan
RETRIBUSI PARKIR,2,transportasi
Thai Tea,1,minuman
Mizone,1,minuman
2 XXI,5,hiburan
GORIDE,2,transportasi
COLD BREW,1,minuman
2 Tiket Bus,2,transportasi
Dokte Gigi,6,kesehatan
1xBiaya Pendaftaran,7,lain_lain
ap5dT et,6,kesehatan
2xGuardian,6,kesehatan
#Ganti Oli#,2,transportasi
Obat Sakit Kepala,6,kesehatan
Taman Bermain,5,hiburan
3xBPJS Kesehatan,4,tagihan
UC PUBG,5,hiburan
Masker,6,kesehatan
Ongkos Kirim,7,lain_lain
Pasta,0,makanan
Lab Kesehatan,6,kesehatan
Clbb Sadwch,0,makanan
metromini,2,transportasi
Futsal,5,hiburan
Tteokbokki,0,makanan
JNT,7,lain_lain
Lampu,3,belanja
Rok,3,belanja
Tokopedia,3,belanja
Rapid Test,6,kesehatan
Tagihan Telepon,4,tagihan
HANSAPLAST,6,kesehatan
tiket kereta,2,transportasi
1 Pertamax,2,transportasi
Softlens,6,kesehatan
KRL,2,transportasi
Softlens,6,kesehatan
orange juice,1,minuman
Sabun,3,belanja
Tahu Goreng,0,makanan
Resep Dokter,6,kesehatan
Biaya Berobat,6,kesehatan
_GoSend#,7,lain_lain
Hansaplast,6,kesehatan
_YouTube Premium#,4,tagihan
Taksi Online,2,transportasi
XXI,5,hiburan
2 Celana,3,belanja
-Jaket-,3,belanja
TeBotol,1,minuman
Grab,2,transportasi
Adobe,4,tagihan
Tike Event,5,hiburan
Festival,5,hiburan
Tagihan Telepon,4,tagihan
Sewa Kos,4,tagihan
#Spotify_,4,tagihan
Lensa Kontak,6,kesehatan
XXI,5,hiburan
Fotokopi,7,lain_lain
Dompet,3,belanja
Biaya Transfe,7,lain_lain
Rawon,0,makanan
TRANSJAKARTA,2,transportasi
YoTue Prui,4,tagihan
Pulsa,4,tagihan
Lensa Kontak,6,kesehatan
Caramel Latte,1,minuman
DETERGEN,3,belanja
Nescafe,1,minuman
Matcha Latte,1,minuman
Lain-lain,7,lain_lain
Peppermint Tea,1,minuman
-Pulpen*,3,belanja
zakat,7,lain_lain
Klinik,6,kesehatan
_Voucher Game_,5,hiburan
Cat Akrilik,5,hiburan
*Wahana#,5,hiburan
Iuran Organisasi,7,lain_lain
1xGoSend,7,lain_lain
.Salon.,7,lain_lain
Cold Brew,1,minuman
Lasagna,0,makanan
@ Salad,0,makanan
Asuransi,4,tagihan
Sorbet,0,makanan
Es Cendol,1,minuman
Kolam Renang,5,hiburan
UC PUBG,5,hiburan
Taro Latte,1,minuman
Teotbo,3,belanja
Deodoran,3,belanja
WAHANA,5,hiburan
TOKEN LISTRIK,4,tagihan
Taksi Online,2,transportasi
Badminton,5,hiburan
Jus Mangga,1,minuman
#Tiket Bioskop_,5,hiburan
-Map Plastik*,3,belanja
Peach Tea,1,minuman
Dompet,3,belanja
Ikat Pinggang,3,belanja
-Profiterole*,0,makanan
Adobe,4,tagihan
LRT,2,transportasi
Espresso,1,minuman
Jus Semangka,1,minuman
es kelapa muda,1,minuman
Hazelnut Latte,1,minuman
Kolam Renang,5,hiburan
Disney Plus,4,tagihan
TOP UP GAME,5,hiburan
Tokopedia,3,belanja
DIAMOND ML,5,hiburan
JNT,7,lain_lain
Tagihan Air,4,tagihan
Brown Sugar Latte,1,minuman
Cookie,0,makanan
tiket konser,5,hiburan
Potong Rambut,7,lain_lain
Wahana,5,hiburan
Le Mineral,1,minuman
Infaq,7,lain_lain
Americano,1,minuman
PCR,6,kesehatan
Cinepolis,5,hiburan
Kopi Gula Aren,1,minuman
Masker,6,kesehatan
Siomay,0,makanan
Biaya Transfer,7,lain_lain
2xBBQ Chicken,0,makanan
JNT,7,lain_lain
oipMoiah,1,minuman
aPsta,0,makanan
Detergen,3,belanja
Thai Tea,1,minuman
Nas Godeng Seafood,0,makanan
Servis Motor,2,transportasi
Sabun,3,belanja
Puhpen,3,belanja
Biscuit,0,makanan
Sikat Gigi,3,belanja
Sedekah,7,lain_lain
Lychee Drink,1,minuman
Tagihan Air,4,tagihan
Lensa Kontak,6,kesehatan
Cat Akrilik,5,hiburan
bsijWarteg,0,makanan
Multivitamin,6,kesehatan
ress,3,belanja
Minyak Kayu Putih,6,kesehatan
Grab,2,transportasi
Guardian,6,kesehatan
Es Dawet,1,minuman
1xIuran Organisasi,7,lain_lain
Jjajangmyeon,0,makanan
Tahu Goreng,0,makanan
Biay Admin,4,tagihan
_Kopi Aren-,1,minuman
LRT,2,transportasi
Vitamin C,6,kesehatan
Top Up FF,5,hiburan
Es Teh,1,minuman
Latte,1,minuman
Billiard,5,hiburan
.YouTube Premium.,4,tagihan
LAUNDRY,7,lain_lain
TELUR DADAR,0,makanan
lemon tea,1,minuman
Jam Tangan,3,belanja
3xPameran,5,hiburan
Textbook,3,belanja
Biaya Admin,4,tagihan
Angkot,2,transportasi
BIAYA ADMIN,4,tagihan
wahana,5,hiburan
Ibupfen,6,kesehatan
ASURANSI,4,tagihan
Tambal Gigi,6,kesehatan
MATERAI,7,lain_lain
Parkir Motor,2,transportasi
.Obat Diare-,6,kesehatan
xrabCar,2,transportasi
Bus,2,transportasi
Tokopedia,3,belanja
Makan Malam,0,makanan
Antasida,6,kesehatan
MRT,2,transportasi
Sewa Kos,4,tagihan
GrabCar,2,transportasi
.Pertalite_,2,transportasi
Vitamin C,6,kesehatan
E-Toll,2,transportasi
Obat Sakit Kepala,6,kesehatan
Makan Siang,0,makanan
CAT AKRILIK,5,hiburan
Top Up PUBG,5,hiburan
Kolam Renang,5,hiburan
SPOTIFY,4,tagihan
Kebun Binatang,5,hiburan
2xChips,0,makanan
*Dokter-,6,kesehatan
Taman Bermain,5,hiburan
Multivitamin,6,kesehatan
Kebun Binatang,5,hiburan
Kacamata,3,belanja
Internet Bulanan,4,tagihan
#Pembalut*,3,belanja
Billiard,5,hiburan
CANVA PRO,4,tagihan
Top Up Mobile Legends,5,hiburan
ONGKOS KIRIM,7,lain_lain
PIZZA TOAST,0,makanan
Mouse,3,belanja
Cappuccino,1,minuman
Sabun,3,belanja
Tiket Masuk,5,hiburan
Chicken Bowl,0,makanan
Sandwich,0,makanan
Mikrolet,2,transportasi
Token Listrik,4,tagihan
-Bubble Tea.,1,minuman
DOKTER,6,kesehatan
Kacamata,6,kesehatan
Brown Suga,1,minuman
Anteraja,7,lain_lain
TIKET BIOSKOP,5,hiburan
APPLE JUICE,1,minuman
Buku Catatan,3,belanja
Buku Novel,5,hiburan
-Ongkos Kirim_,7,lain_lain
@ Transfer,7,lain_lain
.Token Listrik#,4,tagihan
SORBET,0,makanan
Nonton Film,5,hiburan
Obat Batuk,6,kesehatan
Mie Goreng,0,makanan
Pudding,0,makanan
Resep Dokter,6,kesehatan
Cek Darah,6,kesehatan
Flashdisk,3,belanja
Strawberry Drink,1,minuman
Tenis,5,hiburan
Formulir,7,lain_lain
Rok,3,belanja
Ikan Goreng,0,makanan
Pie,0,makanan
Kuota Internet,4,tagihan
Print,7,lain_lain
Penggaris,3,belanja
Rumah Sakit,6,kesehatan
bpjs kesehatan,4,tagihan
scan,7,lain_lain
#Rapid Test#,6,kesehatan
Nugget,0,makanan
Topi,3,belanja
ICED LATTE,1,minuman
Kopi Sus Kolonl,1,minuman
MaximBike,2,transportasi
Diamond ML,5,hiburan
YouTube Premium,4,tagihan
Metromini,2,transportasi
Nugget,0,makanan
ES CENDOL,1,minuman
Gnocchi,0,makanan
#Frappe#,1,minuman
2 Konsultasi Dokter,6,kesehatan
Milkshake,1,minuman
-SiCepat_,7,lain_lain
OjekOnline,2,transportasi
Skincare,3,belanja
Futsal,5,hiburan
Biaya Pendaftaran,7,lain_lain
Kimia Farma,6,kesehatan
Flashdisk,3,belanja
pocari sweat,1,minuman
Cap Cay,0,makanan
BIHUN GORENG,0,makanan
1 Cold Brew,1,minuman
Parki Mobil,2,transportasi
taro latte,1,minuman
Kopi Susu Kolonel,1,minuman
Pulpen,3,belanja
*Print-,7,lain_lain
Asuransi,4,tagihan
lain-lain,7,lain_lain
*Badminton#,5,hiburan
Martabak,0,makanan
*Latte*,1,minuman
Ce Darah,6,kesehatan
multivitamin,6,kesehatan
Sotles,6,kesehatan
Print,7,lain_lain
ICED LATTE,1,minuman
xxi,5,hiburan
2 Spidol,3,belanja
First Media,4,tagihan
HOJICHA,1,minuman
Boba,1,minuman
Bayar Kos,4,tagihan
Iuran Kelas,7,lain_lain
Ongkos Kirim,7,lain_lain
Aminstrasi,4,tagihan
Top Up PUBG,5,hiburan
Angkot,2,transportasi
-Cardigan#,3,belanja
CGV,5,hiburan
1xObat Diare,6,kesehatan
amoxicillin,6,kesehatan
Tambal Gigi,6,kesehatan
Buku Catatan,3,belanja
Klinik,6,kesehatan
BADMINTON,5,hiburan
Transfer,7,lain_lain
Pie,0,makanan
Kopi Americano,1,minuman
Mushroom Soup,0,makanan
#Deodoran_,3,belanja
Disney Plus,4,tagihan
Tisu,3,belanja
sweater,3,belanja
Zakat,7,lain_lain
dokter gigi,6,kesehatan
OjekOnline,2,transportasi
2 Ganti Oli,2,transportasi
1xUC PUBG,5,hiburan
Formulir,7,lain_lain
Isi Bensin,2,transportasi
Stempel,7,lain_lain
Jus Semangka,1,minuman
3xIbuprofen,6,kesehatan
Pulsa,4,tagihan
Sprin Roll,0,makanan
Print,7,lain_lain
Rapid Test,6,kesehatan
Latte,1,minuman
Dokter Gigi,6,kesehatan
grill,0,makanan
Bensin,2,transportasi
#Makan Malam-,0,makanan
Strudel,0,makanan
_GoCar-,2,transportasi
Wahana,5,hiburan
2 Burger,0,makanan
Suplemen,6,kesehatan
-Donut_,0,makanan
GoSend,7,lain_lain
_Tagihan WiFi#,4,tagihan
Lab Kesehatan,6,kesehatan
Guardian,6,kesehatan
-Lampu#,3,belanja
Fotokopi,7,lain_lain
Yakult,1,minuman
pasta gigi,3,belanja
-Suplemen*,6,kesehatan
TIKET KRL,2,transportasi
Donasi,7,lain_lain
Tagihan Air,4,tagihan
*ATM#,7,lain_lain
materai,7,lain_lain
Lain-lain,7,lain_lain
Vitamin D,6,kesehatan
ojek,2,transportasi
Kabel Data,3,belanja
Tagihan HP,4,tagihan
Paket Data,4,tagihan
Salon,7,lain_lain
Iuran Kelas,7,lain_lain
#Suplemen-,6,kesehatan
Bioskop,5,hiburan
Sampo,3,belanja
Adoinstrasi,4,tagihan
Obat Diare,6,kesehatan
TAKSI ONLINE,2,transportasi
Es Teh,1,minuman
Cuci Baj,7,lain_lain
Cuci Baju,7,lain_lain
isi bensin,2,transportasi
Tiket Bus,2,transportasi
Kopi Tubruk,1,minuman
Asuransi,4,tagihan
JNT,7,lain_lain
2xTransfer,7,lain_lain
MaximCar,2,transportasi
Adobe,4,tagihan
Nonton Film,5,hiburan
JNE,7,lain_lain
Mobil Online,2,transportasi
Tart,0,makanan
Spidol,3,belanja
Biaya Periksa,6,kesehatan
Mocha,1,minuman
Boba,1,minuman
Earphone,3,belanja
Tambal Gig,6,kesehatan
Mineral Water,1,minuman
cappuccino,1,minuman
Kimia Farm,6,kesehatan
Bus,2,transportasi
Jilid,7,lain_lain
YouTube Premium,4,tagihan
Hoodie,3,belanja
Jilid,7,lain_lain
JNT,7,lain_lain
SEWA KOS,4,tagihan
Top Up Game,5,hiburan
_Chips_,0,makanan
KOPI GULA AREN,1,minuman
Blazer,3,belanja
Obat Maa,6,kesehatan
Tike KRL,2,transportasi
Amoxicillin,6,kesehatan
Multivitamin,6,kesehatan
Nasi Bebek,0,makanan
PLN,4,tagihan
gosend,7,lain_lain
#Le Mineral_,1,minuman
Tiket Pesawat,2,transportasi
Tiket Bioskop,5,hiburan
@ Headset,3,belanja
Modul,3,belanja
Pulsa,4,tagihan
Firs Media,4,tagihan
Taman Bermain,5,hiburan
LENSA KONTAK,6,kesehatan
Stabilo,3,belanja
2xStrawberry Drink,1,minuman
Frappe,1,minuman
Strawberry Drink,1,minuman
Milk Tea,1,minuman
Lensa Kontak,6,kesehatan
2xToken Listrik,4,tagihan
Tiket Event,5,hiburan
Angkot,2,transportasi
Netflix,4,tagihan
*Metromini*,2,transportasi
Top Up FF,5,hiburan
Tas,3,belanja
Isi Pulsa,4,tagihan
Tenis,5,hiburan
Tas,3,belanja
Jajan,7,lain_lain
Bayar Kos,4,tagihan
Cat Akrilik,5,hiburan
Kereta Api,2,transportasi
CGV,5,hiburan
BIAYA PERIKSA,6,kesehatan
Apotek,6,kesehatan
BISCUIT,0,makanan
Hoodie,3,belanja
SPBU,2,transportasi
ResepDhktoer,6,kesehatan
Cappuccino,1,minuman
Sedekah,7,lain_lain
Setrika,7,lain_lain
Mango Drink,1,minuman
Donasi,7,lain_lain
Past Gigi,3,belanja
patungan,7,lain_lain
*Steam.,5,hiburan
Aqua,1,minuman
Karaoke,5,hiburan
Kopi Aren,1,minuman
Pertalite,2,transportasi
Baju,3,belanja
Uang Kos,4,tagihan
Vanilld Latte,1,minuman
Tiket Bioskop,5,hiburan
Sedekah,7,lain_lain
Cukur,7,lain_lain
Lontong,0,makanan
1 Top Up PUBG,5,hiburan
Mobil Online,2,transportasi
3xHazelnut Latte,1,minuman
Servis Motor,2,transportasi
AIR KELAPA,1,minuman
Kaos,3,belanja
JNE,7,lain_lain
Lab Kesehatan,6,kesehatan
infaq,7,lain_lain
Cappuccino,1,minuman
E-Toll,2,transportasi
grabcar,2,transportasi
1xLegalisir,7,lain_lain
Chips,0,makanan
KOPI GULA AREN,1,minuman
#Top Up Mobile Legends*,5,hiburan
Mouse,3,belanja
1xMobil Online,2,transportasi
Lab Kesehatan,6,kesehatan
Rot Bakar,0,makanan
Tagihan HP,4,tagihan
Softener,3,belanja
nasi goreng kampung,0,makanan
Cold Brew,1,minuman
Dokter Gigi,6,kesehatan
Biaya Kos,4,tagihan
MaximCar,2,transportasi
3xBiaya Transfer,7,lain_lain
Kimia Farma,6,kesehatan
#Tambal Gigi.,6,kesehatan
2xThai Tea,1,minuman
2xTagihan Telepon,4,tagihan
Iuran,4,tagihan
Earphone,3,belanja
puskesmas,6,kesehatan
Kabel Data,3,belanja
Nasi Ayam,0,makanan
PLN,4,tagihan
-BBM#,2,transportasi
Cabut Gigi,6,kesehatan
Apple Music,4,tagihan
MULTIVITAMIN,6,kesehatan
Internet Bulanan,4,tagihan
#IndiHome*,4,tagihan
BIAYA PERIKSA,6,kesehatan
Data Interne,4,tagihan
Nugget,0,makanan
Cabut Gigi,6,kesehatan
Good Day,1,minuman
TEXTBOOK,3,belanja
Materai,7,lain_lain
Nasi Goreng Spesial,0,makanan
Detergen,3,belanja
1xTagihan Telepon,4,tagihan
TAMAN BERMAIN,5,hiburan
Kontrakan,4,tagihan
Antasdia,6,kesehatan
Vitamin C,6,kesehatan
Suplemen,6,kesehatan
Tagiha HP,4,tagihan
Charger,3,belanja
Bubble Tea,1,minuman
Hazelnut Latt,1,minuman
Pulpen,3,belanja
Ongkos Kirim,7,lain_lain
UC PUBG,5,hiburan
Hansaplast,6,kesehatan
Brown Sugar,1,minuman
Kopi Dalgona,1,minuman
XXI,5,hiburan
MAXIMCAR,2,transportasi
*Grab*,2,transportasi
es buah,1,minuman
TRANSJAKARTA,2,transportasi
Sedekah,7,lain_lain
Rumah Saki,6,kesehatan
Siomay,0,makanan
Obat Maag,6,kesehatan
puskesmas,6,kesehatan
Kebab,0,makanan
.Adobe*,4,tagihan
Sampo,3,belanja
Brown Sugar,1,minuman
angkot,2,transportasi
1xObat Maag,6,kesehatan
Jilid,7,lain_lain
-Paracetamol#,6,kesehatan
Sewa Kos,4,tagihan
Mushroom Soup,0,makanan
Tiket Bioskop,5,hiburan
Steak,0,makanan
2 Token Listrik,4,tagihan
Kolam Renang,5,hiburan
TAGIHAN WIFI,4,tagihan
Deodoran,3,belanja
ATM,7,lain_lain
KAOS,3,belanja
Buku Catatan,3,belanja
Nasi Goreng Kampung,0,makanan
Penggaris,3,belanja
BENSIN,2,transportasi
GoSend,7,lain_lain
burger,0,makanan
.Iuran Organisasi#,7,lain_lain
Biaya Pendaftaran,7,lain_lain
Konsultasi Dokter,6,kesehatan
Belanja Online,3,belanja
2xRumah Sakit,6,kesehatan
Iuran,4,tagihan
parkir mobil,2,transportasi
jajan,7,lain_lain
Rumah Sakit,6,kesehatan
-Air Mineral#,1,minuman
paket data,4,tagihan
KRL,2,transportasi
Tike Bioskop,5,hiburan
Kopi Susu Kolonel,1,minuman
Cabut Gigi,6,kesehatan
1 Peach Tea,1,minuman
obat diare,6,kesehatan
hotdog,0,makanan
ISI BENSIN,2,transportasi
Maxim,2,transportasi
Ibuprofen,6,kesehatan
@ Cat Akrilik,5,hiburan
JNT,7,lain_lain
2 Softener,3,belanja
Materai,7,lain_lain
Asuransi,4,tagihan
Damri,2,transportasi
Garlic Bread,0,makanan
Cabut Gigi,6,kesehatan
Mocha,1,minuman
Steam,5,hiburan
Earl Grey,1,minuman
Scan,7,lain_lain
Bayar Listrik,4,tagihan
Pameran,5,hiburan
MOCHA,1,minuman
nop Up FF,5,hiburan
Cukur,7,lain_lain
.SiCepat.,7,lain_lain
@ Kabel Data,3,belanja
biaya berobat,6,kesehatan
Teh Hija,1,minuman
Infaq,7,lain_lain
Obat Sakit Kepala,6,kesehatan
DIAMOND ML,5,hiburan
Biay Admin,4,tagihan
2xTiket Konser,5,hiburan
Setrika,7,lain_lain
CGV,5,hiburan
Sampo,3,belanja
Wahana,5,hiburan
Sedekah,7,lain_lain
Es Kopi Susu,1,minuman
Ganti Oli,2,transportasi
Ojek,2,transportasi
Microsoft 365,4,tagihan
xansplast,6,kesehatan
Paracetamol,6,kesehatan
IndiHome,4,tagihan
Keyoard,3,belanja
Shopee,3,belanja
Cuc Baju,7,lain_lain
Espresso,1,minuman
Antasida,6,kesehatan
Jilid,7,lain_lain
NASI AYAM GEPREK,0,makanan
Multivitamin,6,kesehatan
Iced Latte,1,minuman
JS Kehotan,4,tagihan
Lemon Tea,1,minuman
Macchiato,1,minuman
SCAN,7,lain_lain
Internet Bulanan,4,tagihan
-Sunscreen*,3,belanja
Token Listrik,4,tagihan
JAJAN,7,lain_lain
First Media,4,tagihan
Pameran,5,hiburan
Apple Music,4,tagihan
Pulpen,3,belanja
SATE AYAM,0,makanan
XXI,5,hiburan
METROMINI,2,transportasi
Biaya Periksa,6,kesehatan
Bi)yadAmin,4,tagihan
_Pulsa_,4,tagihan
Rapid Test,6,kesehatan
@ BBM,2,transportasi
TOP UP FF,5,hiburan
Bowling,5,hiburan
Hotdog,0,makanan
GoSend,7,lain_lain
Topi,3,belanja
Uang Kos,4,tagihan
tahu tempe,0,makanan
Es Dawet,1,minuman
print,7,lain_lain
-Rumah Sakit-,6,kesehatan
Telu Ceplok,0,makanan
Cabu Gigi,6,kesehatan
headset,3,belanja
Fitness,5,hiburan
Tagihan iLstrik,4,tagihan
Cek Darah,6,kesehatan
Tambal Gigi,6,kesehatan
Kontrakan,4,tagihan
lavender latte,1,minuman
.Top Up Genshin*,5,hiburan
Badminton,5,hiburan
SPBU,2,transportasi
Kolam Renagn,5,hiburan
Cold Brew,1,minuman
Cat Akrilik,5,hiburan
WiFi,4,tagihan
Vitamin C,6,kesehatan
Aqua,1,minuman
@ Nasi Ayam,0,makanan
Gelang,3,belanja
kertas hvs,3,belanja
BIAYA ADMIN,4,tagihan
3xSpidol,3,belanja
Cukud,7,lain_lain
Sampo,3,belanja
3xKlinik,6,kesehatan
Teh Tarik,1,minuman
Tagihan Listrik,4,tagihan
Tiket Masu,5,hiburan
@ Tenis,5,hiburan
Obat Batuk,6,kesehatan
Iuran Organisasi,7,lain_lain
Karaoke,5,hiburan
Penggaris,3,belanja
CaamelL atet,1,minuman
PERTAMAX,2,transportasi
Jus Alpukat,1,minuman
Tagihan WiFi,4,tagihan
Hazelnut Latte,1,minuman
Lain-lain,7,lain_lain
Tiket Pesawat,2,transportasi
Kuota Internet,4,tagihan
Pasla iig,3,belanja
Topi,3,belanja
Es Dawet,1,minuman
TIKET KERETA,2,transportasi
Pulsa,4,tagihan
Obat Flu,6,kesehatan
Potong Rambut,7,lain_lain
.Kebun Binatang-,5,hiburan
Donasi,7,lain_lain
#Rawon-,0,makanan
Komik,5,hiburan
DIMSUM,0,makanan
Ganti Oli,2,transportasi
M(miike,2,transportasi
Pembaltu,3,belanja
First Media,4,tagihan
Anteraja,7,lain_lain
top up game,5,hiburan
Teh Manis,1,minuman
PCR,6,kesehatan
Parkir,2,transportasi
Tiramisu,0,makanan
3xGrabExpress,7,lain_lain
Print,7,lain_lain
Kertas HVS,3,belanja
Klinik,6,kesehatan
Pertamax,2,transportasi
Textbook,3,belanja
Brown Sugar Latte,1,minuman
Kebun Binatan,5,hiburan
-Sandal_,3,belanja
Cardigan,3,belanja
pertalite,2,transportasi
KRL,2,transportasi
3xScan,7,lain_lain
Tike Bioskop,5,hiburan
Jam Tangan,3,belanja
MaximCar,2,transportasi
E^ Matcha,1,minuman
Jajan,7,lain_lain
Futasu,5,hiburan
-Komik*,5,hiburan
Tiket Boskop,5,hiburan
Parkir Motor,2,transportasi
#Scan#,7,lain_lain
Obat Maag,6,kesehatan
3xWahana,5,hiburan
gocar,2,transportasi
Bensin,2,transportasi
1 Kacamata,3,belanja
Hazelnut Latte,1,minuman
3xMaximCar,2,transportasi
Pertamax,2,transportasi
@ Mie Ayam,0,makanan
Charegr,3,belanja
-Adobe_,4,tagihan
Brownie,0,makanan
Matcha L&5te,1,minuman
GRAB,2,transportasi
Konsultasi Dokter,6,kesehatan
Bioskop,5,hiburan
French Toast,0,makanan
Rapid Test,6,kesehatan
Caramel Latte,1,minuman
Buku Catatan,3,belanja
Charger,3,belanja
Ojek,2,transportasi
PULSA,4,tagihan
BLT,0,makanan
Kontrakan,4,tagihan
Tiket Masuk,5,hiburan
SARAPAN,0,makanan
Iced Latte,1,minuman
GrabBike,2,transportasi
1xAlat Musik,5,hiburan
Espresso,1,minuman
Air PAM,4,tagihan
MINERAL WATER,1,minuman
Setrika,7,lain_lain
1xTelur Ceplok,0,makanan
Apple Music,4,tagihan
indihome,4,tagihan
#Diamond ML#,5,hiburan
.Iced Americano#,1,minuman
Boba,1,minuman
Dompet,3,belanja
CAT AKRILIK,5,hiburan
ATM,7,lain_lain
tagihan wifi,4,tagihan
Nasi Bebek,0,makanan
Formulir,7,lain_lain
Teh Hijau,1,minuman
Cukur,7,lain_lain
Obat Batuk,6,kesehatan
Lemonade,1,minuman
WiFi,4,tagihan
1xBusway,2,transportasi
kopi espresso,1,minuman
Iuran Organisasi,7,lain_lain
Mobil Online,2,transportasi
LAIN-LAIN,7,lain_lain
Cappuccino,1,minuman
KONSULTASI DOKTER,6,kesehatan
Tagihan WiFi,4,tagihan
Tahu Tempe,0,makanan
komik,5,hiburan
Matcha Latt,1,minuman
Cuci Baju,7,lain_lain
Top Up Genshin,5,hiburan
tiket event,5,hiburan
cireng,0,makanan
Ayam Bakar,0,makanan
penggaris,3,belanja
Cabut Gigi,6,kesehatan
SPBU,2,transportasi
ibuprofen,6,kesehatan
Kertas HVS,3,belanja
Parkir Motor,2,transportasi
Token Listrik,4,tagihan
Bayar Listrik,4,tagihan
Administrasi,4,tagihan
Tiket KRL,2,transportasi
Obat Diare,6,kesehatan
@ Guardian,6,kesehatan
1xKlinik,6,kesehatan
Risol,0,makanan
-Hoodie-,3,belanja
2xCaesar Salad,0,makanan
Grab,2,transportasi
Diamond ML,5,hiburan
Tiket Wisata,5,hiburan
Nasi Ayam Geprek,0,makanan
1 Buku Novel,5,hiburan
Jajan,7,lain_lain
bOatF lu,6,kesehatan
Chips,0,makanan
Roti Bakar,0,makanan
Ikan Bakar,0,makanan
-YouTube Premium.,4,tagihan
mie goreng,0,makanan
.Tagihan HP#,4,tagihan
Potong Rambut,7,lain_lain
Taman Bermain,5,hiburan
Iuran,4,tagihan
3xInfaq,7,lain_lain
Tiket Event,5,hiburan
GoSend,7,lain_lain
Bubbl Tea,1,minuman
Kacamata,3,belanja
Teh Susu,1,minuman
Busway,2,transportasi
canva pro,4,tagihan
Gnocchi,0,makanan
-Cukur#,7,lain_lain
Scan,7,lain_lain
Rapid Test,6,kesehatan
Paracetamol,6,kesehatan
jus jambu,1,minuman
Kopi Gula Aren,1,minuman
Tas,3,belanja
Ongkos Kirim,7,lain_lain
Hansaplast,6,kesehatan
Nasi Ayam Kremes,0,makanan
KIMIA FARMA,6,kesehatan
.Adobe#,4,tagihan
Pizza,0,makanan
Es Kelapa Muda,1,minuman
Diamond ML,5,hiburan
biaya kos,4,tagihan
Shopee,3,belanja
Alat Musik,5,hiburan
Notnon 7iom,5,hiburan
Tokopedia,3,belanja
_Biaya Admin_,4,tagihan
Bayar Listri,4,tagihan
jus alpukat,1,minuman
Parkir,2,transportasi
1xAnteraja,7,lain_lain
MRT,2,transportasi
Tagiha Telepon,4,tagihan
asuransi,4,tagihan
SABUN,3,belanja
Gojek,2,transportasi
TagihrnLis^rki,4,tagihan
Rice Bowl,0,makanan
3xAdministrasi,4,tagihan
disney plus,4,tagihan
Buku Tulis,3,belanja
1xKereta Api,2,transportasi
Tiket KRL,2,transportasi
Macchiato,1,minuman
Ongkir,7,lain_lain
2xResep Dokter,6,kesehatan
First Media,4,tagihan
*Diamond ML.,5,hiburan
Es Kopi Susu,1,minuman
Banana Bread,0,makanan
kopi instan,1,minuman
Stempel,7,lain_lain
Multivitamin,6,kesehatan
Infaq,7,lain_lain
administrasi,4,tagihan
Mikrolet,2,transportasi
DOKTER,6,kesehatan
B2terai,3,belanja
Pink Lemonade,1,minuman
Transjakarta,2,transportasi
Potong Rambut,7,lain_lain
steam,5,hiburan
Fitness,5,hiburan
Iced American,1,minuman
2 Data Internet,4,tagihan
Bu#ger,0,makanan
Tol,2,transportasi
Bayar Listrik,4,tagihan
@ Cabut Gigi,6,kesehatan
ojekonline,2,transportasi
Pameran,5,hiburan
e-toll,2,transportasi
Tiket Masuk,5,hiburan
sIi Besin,2,transportasi
Benins,2,transportasi
Sparkling Water,1,minuman
Netflix,4,tagihan
Guarda,6,kesehatan
Telur Ceplok,0,makanan
2 Bubble Tea,1,minuman
Tambal Gipi,6,kesehatan
-Energen_,1,minuman
Kacamata,3,belanja
2 Dimsum,0,makanan
Tenis,5,hiburan
Wahana,5,hiburan
Taksi Onlin,2,transportasi
ES BUAH,1,minuman
Ongkir,7,lain_lain
Netflix,4,tagihan
Jjajangmyeon,0,makanan
Map Plastik,3,belanja
Dokter,6,kesehatan
Guardian,6,kesehatan
Tagihan WiF,4,tagihan
Multivitamin,6,kesehatan
mineral water,1,minuman
Nachos,0,makanan
Ibuprofen,6,kesehatan
LRT,2,transportasi
Lemon Tea,1,minuman
1xObat Maag,6,kesehatan
@ Kaos,3,belanja
CHIPS,0,makanan
3xNasi Goreng Spesial,0,makanan
-Teh Susu-,1,minuman
Tokopedia,3,belanja
Biscuit,0,makanan
Pvn,3,belanja
IURAN ORGANISASI,7,lain_lain
#Cardigan*,3,belanja
Tagihan WiFi,4,tagihan
Tagihan HP,4,tagihan
Adobe,4,tagihan
AMOXICILLIN,6,kesehatan
Anteraja,7,lain_lain
SPBU,2,transportasi
Obat Diare,6,kesehatan
Internet Bulanan,4,tagihan
Energen,1,minuman
Tiket Bioskop,5,hiburan
Netflix,4,tagihan
Minyak Kayu Putih,6,kesehatan
Canva Pro,4,tagihan
Mikrolet,2,transportasi
CROISSANT,0,makanan
Steam,5,hiburan
Jam Tangan,3,belanja
Transfer,7,lain_lain
Tenis,5,hiburan
Tomato Soup,0,makanan
Iuran,4,tagihan
materai,7,lain_lain
Aya Penyet,0,makanan
*Scan.,7,lain_lain
Firs Medla,4,tagihan
Roti Bakar,0,makanan
Jilid,7,lain_lain
Ongkir,7,lain_lain
Good Day,1,minuman
MRT,2,transportasi
SPBU,2,transportasi
3xIce Cream,0,makanan
Toem jistrik,4,tagihan
Betadine,6,kesehatan
Ongkos Kirim,7,lain_lain
OjekOnline,2,transportasi
Setrika,7,lain_lain
#Parkir Motor.,2,transportasi
Betadine,6,kesehatan
Vi4amin D,6,kesehatan
Tagihan Air,4,tagihan
headset,3,belanja
Softlens,6,kesehatan
.Jilid*,7,lain_lain
Klinik,6,kesehatan
Obat Batuk,6,kesehatan
Rumah Sakit,6,kesehatan
Tart,0,makanan
Hazelnut Latte,1,minuman
Smoothie,1,minuman
MaximBike,2,transportasi
Karaoke,5,hiburan
Fried Noodle,0,makanan
#Soto.,0,makanan
French Toas,0,makanan
Cukur,7,lain_lain
Kacamata,3,belanja
NASI KUNING,0,makanan
BBM,2,transportasi
jne,7,lain_lain
Print,7,lain_lain
Multivitamin,6,kesehatan
Vitamin D,6,kesehatan
Tiket Event,5,hiburan
2 Pink Lemonade,1,minuman
Uang Kos,4,tagihan
NASI BAKAR,0,makanan
Tagihan Listrik,4,tagihan
ONGKOS KIRIM,7,lain_lain
First Media,4,tagihan
Anteraja,7,lain_lain
Futsal,5,hiburan
formulir,7,lain_lain
ES BUAH,1,minuman
Antasida,6,kesehatan
Nasi yam Kre0es,0,makanan
Alat Musik,5,hiburan
Croissant,0,makanan
Jus Semangka,1,minuman
3xTop Up Game,5,hiburan
SEDEKAH,7,lain_lain
Legalisir,7,lain_lain
Disney3Plus,4,tagihan
-Obat Flu.,6,kesehatan
Headset,3,belanja
Blazer,3,belanja
ES KELAPA MUDA,1,minuman
_Hazelnut Latte-,1,minuman
Pizaz Tosst,0,makanan
Metromini,2,transportasi
Zakat,7,lain_lain
#Red Velvet.,0,makanan
-Topi*,3,belanja
Carpaccio,0,makanan
Fitness,5,hiburan
Patungan,7,lain_lain
Fitness,5,hiburan
Poton Rambut,7,lain_lain
MRT,2,transportasi
Obat Sakit Kepala,6,kesehatan
Tagihan WiFi,4,tagihan
Potong Rambut,7,lain_lain
Iuran Kelas,7,lain_lain
Top Up Mobile Legends,5,hiburan
-Folder#,3,belanja
2xEclair,0,makanan
Tagihan HP,4,tagihan
2 Cold Brew,1,minuman
BrowniSugar,1,minuman
Biaya Transfer,7,lain_lain
Spotify,4,tagihan
Tas,3,belanja
servis motor,2,transportasi
Hnsaplast,6,kesehatan
Cold Brew,1,minuman
keyboard,3,belanja
Bensin,2,transportasi
Kacamata,6,kesehatan
Paket Dat,4,tagihan
#Kopi Espresso_,1,minuman
Biaya Admin,4,tagihan
parkir motor,2,transportasi
Obat Flu,6,kesehatan
JNT,7,lain_lain
Microsoft 365,4,tagihan
Cinepolis,5,hiburan
Formulir,7,lain_lain
BUKU CATATAN,3,belanja
Kereta Api,2,transportasi
Iced Latte,1,minuman
@ Taman Bermain,5,hiburan
Bayar Listrik,4,tagihan
Infaq,7,lain_lain
OjekOnline,2,transportasi
Steam,5,hiburan
Es Matcha,1,minuman
Adobe,4,tagihan
lensa kontak,6,kesehatan
Pulsa,4,tagihan
Pemb%lut,3,belanja
Sepatu,3,belanja
Hojicha,1,minuman
Sewa Kos,4,tagihan
Cardigan,3,belanja
Nasi Box,0,makanan
Frappe,1,minuman
Earphone,3,belanja
Sandal,3,belanja
*Vanilla Latte*,1,minuman
Transjakarta,2,transportasi
Sweater,3,belanja
Lensa Kontak,6,kesehatan
Puskesmas,6,kesehatan
e-toll,2,transportasi
Rumah Saki,6,kesehatan
Multivitamin,6,kesehatan
Data Internet,4,tagihan
Sikat Gigi,3,belanja
*Fotokopi#,7,lain_lain
Iced Latte,1,minuman
Es Kelapa Muda,1,minuman
Good Day,1,minuman
Ice Cream,0,makanan
Cuci Baju,7,lain_lain
Biaya Admin,4,tagihan
PLN,4,tagihan
GrabBike,2,transportasi
Es Dawet,1,minuman
Deodoran,3,belanja
JNT,7,lain_lain
Laundry,7,lain_lain
2xOngkir,7,lain_lain
Ongkos Kirim,7,lain_lain
Zakat,7,lain_lain
Mie Goreng,0,makanan
Kabel Data,3,belanja
commuter line,2,transportasi
.Kopi Cappuccino.,1,minuman
1 PCR,6,kesehatan
Ramen,0,makanan
Es Teh,1,minuman
ES DAWET,1,minuman
Biaya Pendaftaran,7,lain_lain
Multivitamin,6,kesehatan
Top Up Mobile Legends,5,hiburan
JNE,7,lain_lain
Oolong Tea,1,minuman
Tagihan Air,4,tagihan
KRL,2,transportasi
ouran,4,tagihan
*Bebek Goreng.,0,makanan
E-Toll,2,transportasi
Diamond ML,5,hiburan
Tiket Kereta,2,transportasi
1 Spidol,3,belanja
Mocha,1,minuman
Power Bank,3,belanja
tas,3,belanja
Kraoke,5,hiburan
kereta api,2,transportasi
Club Soda,1,minuman
Buku Novel,5,hiburan
Angkot,2,transportasi
Buku Tulis,3,belanja
Takoyaki,0,makanan
NUGGET,0,makanan
1 Good Day,1,minuman
Fried Rice,0,makanan
Carrot Cake,0,makanan
Konsultasi Dokter,6,kesehatan
Dumpling,0,makanan
Sandal,3,belanja
Dokter Gigi,6,kesehatan
topi,3,belanja
Lychee Drink,1,minuman
Tomato Soup,0,makanan
2xKebun Binatang,5,hiburan
Alat Musik,5,hiburan
Rapid Test,6,kesehatan
Hazelnut Latte,1,minuman
-Gym-,5,hiburan
Yakult,1,minuman
Noodle,0,makanan
LemongTa,1,minuman
Multivitamin,6,kesehatan
Club Soda,1,minuman
Zakat,7,lain_lain
1 Ice Cream,0,makanan
Pulsa,4,tagihan
Lens aKontak,6,kesehatan
Hansaplast,6,kesehatan
LEGALISIR,7,lain_lain
Bruschetta,0,makanan
1xGoRide,2,transportasi
2 Chocolate Cake,0,makanan
Jus Mangga,1,minuman
ICED LATTE,1,minuman
T,7,lain_lain
LATTE,1,minuman
@ Suplemen,6,kesehatan
1xEarl Grey,1,minuman
Salon,7,lain_lain
1 Pasta Gigi,3,belanja
*Shopee*,3,belanja
Ongkos Kirim,7,lain_lain
_Stabilo#,3,belanja
Badimuton,5,hiburan
OjekOnline,2,transportasi
YouTube Premium,4,tagihan
Tiket Event,5,hiburan
Jus Alpukat,1,minuman
Kaos,3,belanja
Amoxicillin,6,kesehatan
Isi Pulsa,4,tagihan
LATTE,1,minuman
Hotdog,0,makanan
*Lontong_,0,makanan
Telur Ceplok,0,makanan
Tagihan Air,4,tagihan
Nugget,0,makanan
Nugget,0,makanan
Alat Musik,5,hiburan
Paracetamol,6,kesehatan
Tiket Konser,5,hiburan
Pertamax,2,transportasi
Kuota Internet,4,tagihan
Hoodie,3,belanja
Dokter,6,kesehatan
onion ring,0,makanan
Softener,3,belanja
PDAM,4,tagihan
Tamba Gigi,6,kesehatan
Pretzel,0,makanan
Buku Kuliah,3,belanja
Tike KRL,2,transportasi
Telur Dadar,0,makanan
Kolam Renang,5,hiburan
_Muffin.,0,makanan
Soup,0,makanan
Steam,5,hiburan
goride,2,transportasi
Wahana,5,hiburan
BAYAR KOS,4,tagihan
dobe,4,tagihan
FRENCH TOAST,0,makanan
CUCI BAJU,7,lain_lain
Mouse,3,belanja
Sabun,3,belanja
OjekOnline,2,transportasi
Kuota Internet,4,tagihan
Iuran Kelas,7,lain_lain
vitamin c,6,kesehatan
Topi,3,belanja
2xCardigan,3,belanja
Adobe,4,tagihan
Adobe,4,tagihan
Charger,3,belanja
SICEPAT,7,lain_lain
Strawberry Drink,1,minuman
Ikat Pinggang,3,belanja
Chips,0,makanan
Parkir Mobil,2,transportasi
roti bakar,0,makanan
SPBU,2,transportasi
Data Internet,4,tagihan
3xMRT,2,transportasi
2xFormulir,7,lain_lain
MaximCar,2,transportasi
Ongkos Kirim,7,lain_lain
Komik,5,hiburan
Karaoke,5,hiburan
JNT,7,lain_lain
Microsoft 365,4,tagihan
Headset,3,belanja
burger,0,makanan
Materai,7,lain_lain
-Tiramisu*,0,makanan
Apple Music,4,tagihan
Mouse,3,belanja
Bayar Listrik,4,tagihan
TEH MANIS,1,minuman
jne,7,lain_lain
Mango Drink,1,minuman
Top Up PUBG,5,hiburan
Soba,0,makanan
Kontrakan,4,tagihan
Nonton Film,5,hiburan
Tiket Konser,5,hiburan
Uang Kos,4,tagihan
Nasi Goreng Seafood,0,makanan
Risol,0,makanan
3xSetrika,7,lain_lain
MaximCar,2,transportasi
Festival,5,hiburan
Anteraja,7,lain_lain
Tart,0,makanan
Kopi Instan,1,minuman
OjekOnline,2,transportasi
Dokter Gigi,6,kesehatan
_Cuci Baju-,7,lain_lain
